epoch,biography,external_url,edge_followed_by,edge_follow,account_id,is_business_account,is_private,is_verified,profile_pic_url_hd,username,edge_owner_to_timeline_media,media_id,caption,media_edge_media_to_comment,media_comments_disabled,media_taken_at_timestamp,media_height,media_width,media_display_url,media_edge_liked_by,media_slug,media_is_video,media_accessibility_caption
1549040418.239573,Snapcнaт @ceeehoneyi :ghost: :high_voltage:️03/99 :gem_stone: taken :envelope_with_arrow: celine.hmn@web.de:round_pushpin:Germany - Mecklenburg,https://www.prosieben.de/tv/germanys-next-topmodel/votings/staffel-14/welche-kandidatin-ist-deine-favoritin,5302,493,555573468,False,True,False,https://scontent-frt3-1.cdninstagram.com/vp/82ae3111a93c1b5b959067142a8f19c1/5CFAE277/t51.2885-19/s320x320/49858167_539073983238413_6966403921518526464_n.jpg?_nc_ht=scontent-frt3-1.cdninstagram.com,celine.hamann,57,,,,,,,,,,,,
1549041018.067347,Snapcнaт @ceeehoneyi :ghost: :high_voltage:️03/99 :gem_stone: taken :envelope_with_arrow: celine.hmn@web.de:round_pushpin:Germany - Mecklenburg,https://www.prosieben.de/tv/germanys-next-topmodel/votings/staffel-14/welche-kandidatin-ist-deine-favoritin,5302,493,555573468,False,True,False,https://scontent-frt3-1.cdninstagram.com/vp/82ae3111a93c1b5b959067142a8f19c1/5CFAE277/t51.2885-19/s320x320/49858167_539073983238413_6966403921518526464_n.jpg?_nc_ht=scontent-frt3-1.cdninstagram.com,celine.hamann,57,,,,,,,,,,,,
1549041618.229246,Snapcнaт @ceeehoneyi :ghost: :high_voltage:️03/99 :gem_stone: taken :envelope_with_arrow: celine.hmn@web.de:round_pushpin:Germany - Mecklenburg,https://www.prosieben.de/tv/germanys-next-topmodel/votings/staffel-14/welche-kandidatin-ist-deine-favoritin,5302,493,555573468,False,True,False,https://scontent-frt3-1.cdninstagram.com/vp/82ae3111a93c1b5b959067142a8f19c1/5CFAE277/t51.2885-19/s320x320/49858167_539073983238413_6966403921518526464_n.jpg?_nc_ht=scontent-frt3-1.cdninstagram.com,celine.hamann,57,,,,,,,,,,,,
1549042218.9533594,Snapcнaт @ceeehoneyi :ghost: :high_voltage:️03/99 :gem_stone: taken :envelope_with_arrow: celine.hmn@web.de:round_pushpin:Germany - Mecklenburg,https://www.prosieben.de/tv/germanys-next-topmodel/votings/staffel-14/welche-kandidatin-ist-deine-favoritin,5302,493,555573468,False,True,False,https://scontent-frt3-1.cdninstagram.com/vp/82ae3111a93c1b5b959067142a8f19c1/5CFAE277/t51.2885-19/s320x320/49858167_539073983238413_6966403921518526464_n.jpg?_nc_ht=scontent-frt3-1.cdninstagram.com,celine.hamann,57,,,,,,,,,,,,
1549042818.2990994,Snapcнaт @ceeehoneyi :ghost: :high_voltage:️03/99 :gem_stone: taken :envelope_with_arrow: celine.hmn@web.de:round_pushpin:Germany - Mecklenburg,https://www.prosieben.de/tv/germanys-next-topmodel/votings/staffel-14/welche-kandidatin-ist-deine-favoritin,5302,493,555573468,False,True,False,https://scontent-frt3-1.cdninstagram.com/vp/82ae3111a93c1b5b959067142a8f19c1/5CFAE277/t51.2885-19/s320x320/49858167_539073983238413_6966403921518526464_n.jpg?_nc_ht=scontent-frt3-1.cdninstagram.com,celine.hamann,57,,,,,,,,,,,,
1549043418.765218,Snapcнaт @ceeehoneyi :ghost: :high_voltage:️03/99 :gem_stone: taken :envelope_with_arrow: celine.hmn@web.de:round_pushpin:Germany - Mecklenburg,https://www.prosieben.de/tv/germanys-next-topmodel/votings/staffel-14/welche-kandidatin-ist-deine-favoritin,5302,493,555573468,False,True,False,https://scontent-frt3-1.cdninstagram.com/vp/82ae3111a93c1b5b959067142a8f19c1/5CFAE277/t51.2885-19/s320x320/49858167_539073983238413_6966403921518526464_n.jpg?_nc_ht=scontent-frt3-1.cdninstagram.com,celine.hamann,57,,,,,,,,,,,,
1549044019.2839804,Snapcнaт @ceeehoneyi :ghost: :high_voltage:️03/99 :gem_stone: taken :envelope_with_arrow: celine.hmn@web.de:round_pushpin:Germany - Mecklenburg,https://www.prosieben.de/tv/germanys-next-topmodel/votings/staffel-14/welche-kandidatin-ist-deine-favoritin,5302,493,555573468,False,True,False,https://scontent-frt3-1.cdninstagram.com/vp/82ae3111a93c1b5b959067142a8f19c1/5CFAE277/t51.2885-19/s320x320/49858167_539073983238413_6966403921518526464_n.jpg?_nc_ht=scontent-frt3-1.cdninstagram.com,celine.hamann,57,,,,,,,,,,,,
1549044617.8074353,Snapcнaт @ceeehoneyi :ghost: :high_voltage:️03/99 :gem_stone: taken :envelope_with_arrow: celine.hmn@web.de:round_pushpin:Germany - Mecklenburg,https://www.prosieben.de/tv/germanys-next-topmodel/votings/staffel-14/welche-kandidatin-ist-deine-favoritin,5302,493,555573468,False,True,False,https://scontent-frt3-1.cdninstagram.com/vp/82ae3111a93c1b5b959067142a8f19c1/5CFAE277/t51.2885-19/s320x320/49858167_539073983238413_6966403921518526464_n.jpg?_nc_ht=scontent-frt3-1.cdninstagram.com,celine.hamann,57,,,,,,,,,,,,
1549045218.5761216,Snapcнaт @ceeehoneyi :ghost: :high_voltage:️03/99 :gem_stone: taken :envelope_with_arrow: celine.hmn@web.de:round_pushpin:Germany - Mecklenburg,https://www.prosieben.de/tv/germanys-next-topmodel/votings/staffel-14/welche-kandidatin-ist-deine-favoritin,5302,493,555573468,False,True,False,https://scontent-frt3-1.cdninstagram.com/vp/82ae3111a93c1b5b959067142a8f19c1/5CFAE277/t51.2885-19/s320x320/49858167_539073983238413_6966403921518526464_n.jpg?_nc_ht=scontent-frt3-1.cdninstagram.com,celine.hamann,57,,,,,,,,,,,,
1549045818.324248,Snapcнaт @ceeehoneyi :ghost: :high_voltage:️03/99 :gem_stone: taken :envelope_with_arrow: celine.hmn@web.de:round_pushpin:Germany - Mecklenburg,https://www.prosieben.de/tv/germanys-next-topmodel/votings/staffel-14/welche-kandidatin-ist-deine-favoritin,5302,493,555573468,False,True,False,https://scontent-frt3-1.cdninstagram.com/vp/82ae3111a93c1b5b959067142a8f19c1/5CFAE277/t51.2885-19/s320x320/49858167_539073983238413_6966403921518526464_n.jpg?_nc_ht=scontent-frt3-1.cdninstagram.com,celine.hamann,57,,,,,,,,,,,,
1549046419.4574509,Snapcнaт @ceeehoneyi :ghost: :high_voltage:️03/99 :gem_stone: taken :envelope_with_arrow: celine.hmn@web.de:round_pushpin:Germany - Mecklenburg,https://www.prosieben.de/tv/germanys-next-topmodel/votings/staffel-14/welche-kandidatin-ist-deine-favoritin,5302,493,555573468,False,True,False,https://scontent-frt3-1.cdninstagram.com/vp/82ae3111a93c1b5b959067142a8f19c1/5CFAE277/t51.2885-19/s320x320/49858167_539073983238413_6966403921518526464_n.jpg?_nc_ht=scontent-frt3-1.cdninstagram.com,celine.hamann,57,,,,,,,,,,,,
1549047018.0616393,Snapcнaт @ceeehoneyi :ghost: :high_voltage:️03/99 :gem_stone: taken :envelope_with_arrow: celine.hmn@web.de:round_pushpin:Germany - Mecklenburg,https://www.prosieben.de/tv/germanys-next-topmodel/votings/staffel-14/welche-kandidatin-ist-deine-favoritin,5311,493,555573468,False,True,False,https://scontent-frt3-1.cdninstagram.com/vp/82ae3111a93c1b5b959067142a8f19c1/5CFAE277/t51.2885-19/s320x320/49858167_539073983238413_6966403921518526464_n.jpg?_nc_ht=scontent-frt3-1.cdninstagram.com,celine.hamann,57,,,,,,,,,,,,
1549047620.3056505,Snapcнaт @ceeehoneyi :ghost: :high_voltage:️03/99 :gem_stone: taken :envelope_with_arrow: celine.hmn@web.de:round_pushpin:Germany - Mecklenburg,https://www.prosieben.de/tv/germanys-next-topmodel/votings/staffel-14/welche-kandidatin-ist-deine-favoritin,5311,493,555573468,False,True,False,https://scontent-frt3-1.cdninstagram.com/vp/82ae3111a93c1b5b959067142a8f19c1/5CFAE277/t51.2885-19/s320x320/49858167_539073983238413_6966403921518526464_n.jpg?_nc_ht=scontent-frt3-1.cdninstagram.com,celine.hamann,57,,,,,,,,,,,,
1549048219.1452808,Snapcнaт @ceeehoneyi :ghost: :high_voltage:️03/99 :gem_stone: taken :envelope_with_arrow: celine.hmn@web.de:round_pushpin:Germany - Mecklenburg,https://www.prosieben.de/tv/germanys-next-topmodel/votings/staffel-14/welche-kandidatin-ist-deine-favoritin,5311,493,555573468,False,True,False,https://scontent-frt3-1.cdninstagram.com/vp/82ae3111a93c1b5b959067142a8f19c1/5CFAE277/t51.2885-19/s320x320/49858167_539073983238413_6966403921518526464_n.jpg?_nc_ht=scontent-frt3-1.cdninstagram.com,celine.hamann,57,,,,,,,,,,,,
1549048818.3234675,Snapcнaт @ceeehoneyi :ghost: :high_voltage:️03/99 :gem_stone: taken :envelope_with_arrow: celine.hmn@web.de:round_pushpin:Germany - Mecklenburg,https://www.prosieben.de/tv/germanys-next-topmodel/votings/staffel-14/welche-kandidatin-ist-deine-favoritin,5311,493,555573468,False,True,False,https://scontent-frt3-1.cdninstagram.com/vp/82ae3111a93c1b5b959067142a8f19c1/5CFAE277/t51.2885-19/s320x320/49858167_539073983238413_6966403921518526464_n.jpg?_nc_ht=scontent-frt3-1.cdninstagram.com,celine.hamann,57,,,,,,,,,,,,
1549049418.4058802,Snapcнaт @ceeehoneyi :ghost: :high_voltage:️03/99 :gem_stone: taken :envelope_with_arrow: celine.hmn@web.de:round_pushpin:Germany - Mecklenburg,https://www.prosieben.de/tv/germanys-next-topmodel/votings/staffel-14/welche-kandidatin-ist-deine-favoritin,5310,493,555573468,False,True,False,https://scontent-frt3-1.cdninstagram.com/vp/82ae3111a93c1b5b959067142a8f19c1/5CFAE277/t51.2885-19/s320x320/49858167_539073983238413_6966403921518526464_n.jpg?_nc_ht=scontent-frt3-1.cdninstagram.com,celine.hamann,57,,,,,,,,,,,,
1549050019.426229,Snapcнaт @ceeehoneyi :ghost: :high_voltage:️03/99 :gem_stone: taken :envelope_with_arrow: celine.hmn@web.de:round_pushpin:Germany - Mecklenburg,https://www.prosieben.de/tv/germanys-next-topmodel/votings/staffel-14/welche-kandidatin-ist-deine-favoritin,5310,493,555573468,False,True,False,https://scontent-frt3-1.cdninstagram.com/vp/82ae3111a93c1b5b959067142a8f19c1/5CFAE277/t51.2885-19/s320x320/49858167_539073983238413_6966403921518526464_n.jpg?_nc_ht=scontent-frt3-1.cdninstagram.com,celine.hamann,57,,,,,,,,,,,,
1549050618.1565135,Snapcнaт @ceeehoneyi :ghost: :high_voltage:️03/99 :gem_stone: taken :envelope_with_arrow: celine.hmn@web.de:round_pushpin:Germany - Mecklenburg,https://www.prosieben.de/tv/germanys-next-topmodel/votings/staffel-14/welche-kandidatin-ist-deine-favoritin,5310,493,555573468,False,True,False,https://scontent-frt3-1.cdninstagram.com/vp/82ae3111a93c1b5b959067142a8f19c1/5CFAE277/t51.2885-19/s320x320/49858167_539073983238413_6966403921518526464_n.jpg?_nc_ht=scontent-frt3-1.cdninstagram.com,celine.hamann,57,,,,,,,,,,,,
1549051219.2876236,Snapcнaт @ceeehoneyi :ghost: :high_voltage:️03/99 :gem_stone: taken :envelope_with_arrow: celine.hmn@web.de:round_pushpin:Germany - Mecklenburg,https://www.prosieben.de/tv/germanys-next-topmodel/votings/staffel-14/welche-kandidatin-ist-deine-favoritin,5310,493,555573468,False,True,False,https://scontent-frt3-1.cdninstagram.com/vp/82ae3111a93c1b5b959067142a8f19c1/5CFAE277/t51.2885-19/s320x320/49858167_539073983238413_6966403921518526464_n.jpg?_nc_ht=scontent-frt3-1.cdninstagram.com,celine.hamann,57,,,,,,,,,,,,
1549051817.0932648,Snapcнaт @ceeehoneyi :ghost: :high_voltage:️03/99 :gem_stone: taken :envelope_with_arrow: celine.hmn@web.de:round_pushpin:Germany - Mecklenburg,https://www.prosieben.de/tv/germanys-next-topmodel/votings/staffel-14/welche-kandidatin-ist-deine-favoritin,5312,493,555573468,False,True,False,https://scontent-frt3-1.cdninstagram.com/vp/82ae3111a93c1b5b959067142a8f19c1/5CFAE277/t51.2885-19/s320x320/49858167_539073983238413_6966403921518526464_n.jpg?_nc_ht=scontent-frt3-1.cdninstagram.com,celine.hamann,57,,,,,,,,,,,,
1549052417.8276827,Snapcнaт @ceeehoneyi :ghost: :high_voltage:️03/99 :gem_stone: taken :envelope_with_arrow: celine.hmn@web.de:round_pushpin:Germany - Mecklenburg,https://www.prosieben.de/tv/germanys-next-topmodel/votings/staffel-14/welche-kandidatin-ist-deine-favoritin,5312,493,555573468,False,True,False,https://scontent-frt3-1.cdninstagram.com/vp/82ae3111a93c1b5b959067142a8f19c1/5CFAE277/t51.2885-19/s320x320/49858167_539073983238413_6966403921518526464_n.jpg?_nc_ht=scontent-frt3-1.cdninstagram.com,celine.hamann,57,,,,,,,,,,,,
1549053017.6330683,Snapcнaт @ceeehoneyi :ghost: :high_voltage:️03/99 :gem_stone: taken :envelope_with_arrow: celine.hmn@web.de:round_pushpin:Germany - Mecklenburg,https://www.prosieben.de/tv/germanys-next-topmodel/votings/staffel-14/welche-kandidatin-ist-deine-favoritin,5312,493,555573468,False,True,False,https://scontent-frt3-1.cdninstagram.com/vp/82ae3111a93c1b5b959067142a8f19c1/5CFAE277/t51.2885-19/s320x320/49858167_539073983238413_6966403921518526464_n.jpg?_nc_ht=scontent-frt3-1.cdninstagram.com,celine.hamann,57,,,,,,,,,,,,
1549053619.0279524,Snapcнaт @ceeehoneyi :ghost: :high_voltage:️03/99 :gem_stone: taken :envelope_with_arrow: celine.hmn@web.de:round_pushpin:Germany - Mecklenburg,https://www.prosieben.de/tv/germanys-next-topmodel/votings/staffel-14/welche-kandidatin-ist-deine-favoritin,5312,493,555573468,False,True,False,https://scontent-frt3-1.cdninstagram.com/vp/82ae3111a93c1b5b959067142a8f19c1/5CFAE277/t51.2885-19/s320x320/49858167_539073983238413_6966403921518526464_n.jpg?_nc_ht=scontent-frt3-1.cdninstagram.com,celine.hamann,57,,,,,,,,,,,,
1549054218.7548223,Snapcнaт @ceeehoneyi :ghost: :high_voltage:️03/99 :gem_stone: taken :envelope_with_arrow: celine.hmn@web.de:round_pushpin:Germany - Mecklenburg,https://www.prosieben.de/tv/germanys-next-topmodel/votings/staffel-14/welche-kandidatin-ist-deine-favoritin,5312,494,555573468,False,True,False,https://scontent-frt3-1.cdninstagram.com/vp/82ae3111a93c1b5b959067142a8f19c1/5CFAE277/t51.2885-19/s320x320/49858167_539073983238413_6966403921518526464_n.jpg?_nc_ht=scontent-frt3-1.cdninstagram.com,celine.hamann,57,,,,,,,,,,,,
1549054817.5683851,Snapcнaт @ceeehoneyi :ghost: :high_voltage:️03/99 :gem_stone: taken :envelope_with_arrow: celine.hmn@web.de:round_pushpin:Germany - Mecklenburg,https://www.prosieben.de/tv/germanys-next-topmodel/votings/staffel-14/welche-kandidatin-ist-deine-favoritin,5312,494,555573468,False,True,False,https://scontent-frx5-1.cdninstagram.com/vp/6f62c5b8595022df95a7577bada387c7/5CFAE277/t51.2885-19/s320x320/49858167_539073983238413_6966403921518526464_n.jpg?_nc_ht=scontent-frx5-1.cdninstagram.com,celine.hamann,57,,,,,,,,,,,,
1549055418.6321502,Snapcнaт @ceeehoneyi :ghost: :high_voltage:️03/99 :gem_stone: taken :envelope_with_arrow: celine.hmn@web.de:round_pushpin:Germany - Mecklenburg,https://www.prosieben.de/tv/germanys-next-topmodel/votings/staffel-14/welche-kandidatin-ist-deine-favoritin,5312,494,555573468,False,True,False,https://scontent-frx5-1.cdninstagram.com/vp/6f62c5b8595022df95a7577bada387c7/5CFAE277/t51.2885-19/s320x320/49858167_539073983238413_6966403921518526464_n.jpg?_nc_ht=scontent-frx5-1.cdninstagram.com,celine.hamann,57,,,,,,,,,,,,
1549056018.701785,Snapcнaт @ceeehoneyi :ghost: :high_voltage:️03/99 :gem_stone: taken :envelope_with_arrow: celine.hmn@web.de:round_pushpin:Germany - Mecklenburg,https://www.prosieben.de/tv/germanys-next-topmodel/votings/staffel-14/welche-kandidatin-ist-deine-favoritin,5312,494,555573468,False,True,False,https://scontent-frx5-1.cdninstagram.com/vp/6f62c5b8595022df95a7577bada387c7/5CFAE277/t51.2885-19/s320x320/49858167_539073983238413_6966403921518526464_n.jpg?_nc_ht=scontent-frx5-1.cdninstagram.com,celine.hamann,57,,,,,,,,,,,,
1549056617.992345,Snapcнaт @ceeehoneyi :ghost: :high_voltage:️03/99 :gem_stone: taken :envelope_with_arrow: celine.hmn@web.de:round_pushpin:Germany - Mecklenburg,https://www.prosieben.de/tv/germanys-next-topmodel/votings/staffel-14/welche-kandidatin-ist-deine-favoritin,5312,494,555573468,False,True,False,https://scontent-frx5-1.cdninstagram.com/vp/6f62c5b8595022df95a7577bada387c7/5CFAE277/t51.2885-19/s320x320/49858167_539073983238413_6966403921518526464_n.jpg?_nc_ht=scontent-frx5-1.cdninstagram.com,celine.hamann,57,,,,,,,,,,,,
1549057218.169369,Snapcнaт @ceeehoneyi :ghost: :high_voltage:️03/99 :gem_stone: taken :envelope_with_arrow: celine.hmn@web.de:round_pushpin:Germany - Mecklenburg,https://www.prosieben.de/tv/germanys-next-topmodel/votings/staffel-14/welche-kandidatin-ist-deine-favoritin,5312,494,555573468,False,True,False,https://scontent-frx5-1.cdninstagram.com/vp/6f62c5b8595022df95a7577bada387c7/5CFAE277/t51.2885-19/s320x320/49858167_539073983238413_6966403921518526464_n.jpg?_nc_ht=scontent-frx5-1.cdninstagram.com,celine.hamann,57,,,,,,,,,,,,
1549057818.1651518,Snapcнaт @ceeehoneyi :ghost: :high_voltage:️03/99 :gem_stone: taken :envelope_with_arrow: celine.hmn@web.de:round_pushpin:Germany - Mecklenburg,https://www.prosieben.de/tv/germanys-next-topmodel/votings/staffel-14/welche-kandidatin-ist-deine-favoritin,5312,494,555573468,False,True,False,https://scontent-frx5-1.cdninstagram.com/vp/6f62c5b8595022df95a7577bada387c7/5CFAE277/t51.2885-19/s320x320/49858167_539073983238413_6966403921518526464_n.jpg?_nc_ht=scontent-frx5-1.cdninstagram.com,celine.hamann,57,,,,,,,,,,,,
1549058418.0551677,Snapcнaт @ceeehoneyi :ghost: :high_voltage:️03/99 :gem_stone: taken :envelope_with_arrow: celine.hmn@web.de:round_pushpin:Germany - Mecklenburg,https://www.prosieben.de/tv/germanys-next-topmodel/votings/staffel-14/welche-kandidatin-ist-deine-favoritin,5311,494,555573468,False,True,False,https://scontent-frx5-1.cdninstagram.com/vp/6f62c5b8595022df95a7577bada387c7/5CFAE277/t51.2885-19/s320x320/49858167_539073983238413_6966403921518526464_n.jpg?_nc_ht=scontent-frx5-1.cdninstagram.com,celine.hamann,57,,,,,,,,,,,,
1549059016.7090883,Snapcнaт @ceeehoneyi :ghost: :high_voltage:️03/99 :gem_stone: taken :envelope_with_arrow: celine.hmn@web.de:round_pushpin:Germany - Mecklenburg,https://www.prosieben.de/tv/germanys-next-topmodel/votings/staffel-14/welche-kandidatin-ist-deine-favoritin,5311,494,555573468,False,True,False,https://scontent-frx5-1.cdninstagram.com/vp/6f62c5b8595022df95a7577bada387c7/5CFAE277/t51.2885-19/s320x320/49858167_539073983238413_6966403921518526464_n.jpg?_nc_ht=scontent-frx5-1.cdninstagram.com,celine.hamann,57,,,,,,,,,,,,
1549059617.5406907,Snapcнaт @ceeehoneyi :ghost: :high_voltage:️03/99 :gem_stone: taken :envelope_with_arrow: celine.hmn@web.de:round_pushpin:Germany - Mecklenburg,https://www.prosieben.de/tv/germanys-next-topmodel/votings/staffel-14/welche-kandidatin-ist-deine-favoritin,5309,494,555573468,False,True,False,https://scontent-frx5-1.cdninstagram.com/vp/6f62c5b8595022df95a7577bada387c7/5CFAE277/t51.2885-19/s320x320/49858167_539073983238413_6966403921518526464_n.jpg?_nc_ht=scontent-frx5-1.cdninstagram.com,celine.hamann,57,,,,,,,,,,,,
1549060221.1549006,Snapcнaт @ceeehoneyi :ghost: :high_voltage:️03/99 :gem_stone: taken :envelope_with_arrow: celine.hmn@web.de:round_pushpin:Germany - Mecklenburg,https://www.prosieben.de/tv/germanys-next-topmodel/votings/staffel-14/welche-kandidatin-ist-deine-favoritin,5309,494,555573468,False,True,False,https://scontent-frx5-1.cdninstagram.com/vp/6f62c5b8595022df95a7577bada387c7/5CFAE277/t51.2885-19/s320x320/49858167_539073983238413_6966403921518526464_n.jpg?_nc_ht=scontent-frx5-1.cdninstagram.com,celine.hamann,57,,,,,,,,,,,,
1549060817.7353432,Snapcнaт @ceeehoneyi :ghost: :high_voltage:️03/99 :gem_stone: taken :envelope_with_arrow: celine.hmn@web.de:round_pushpin:Germany - Mecklenburg,https://www.prosieben.de/tv/germanys-next-topmodel/votings/staffel-14/welche-kandidatin-ist-deine-favoritin,5309,494,555573468,False,True,False,https://scontent-frx5-1.cdninstagram.com/vp/6f62c5b8595022df95a7577bada387c7/5CFAE277/t51.2885-19/s320x320/49858167_539073983238413_6966403921518526464_n.jpg?_nc_ht=scontent-frx5-1.cdninstagram.com,celine.hamann,57,,,,,,,,,,,,
1549061417.7733943,Snapcнaт @ceeehoneyi :ghost: :high_voltage:️03/99 :gem_stone: taken :envelope_with_arrow: celine.hmn@web.de:round_pushpin:Germany - Mecklenburg,https://www.prosieben.de/tv/germanys-next-topmodel/votings/staffel-14/welche-kandidatin-ist-deine-favoritin,5309,494,555573468,False,True,False,https://scontent-frx5-1.cdninstagram.com/vp/6f62c5b8595022df95a7577bada387c7/5CFAE277/t51.2885-19/s320x320/49858167_539073983238413_6966403921518526464_n.jpg?_nc_ht=scontent-frx5-1.cdninstagram.com,celine.hamann,57,,,,,,,,,,,,
1549062018.4861715,Snapcнaт @ceeehoneyi :ghost: :high_voltage:️03/99 :gem_stone: taken :envelope_with_arrow: celine.hmn@web.de:round_pushpin:Germany - Mecklenburg,https://www.prosieben.de/tv/germanys-next-topmodel/votings/staffel-14/welche-kandidatin-ist-deine-favoritin,5309,494,555573468,False,True,False,https://scontent-frx5-1.cdninstagram.com/vp/6f62c5b8595022df95a7577bada387c7/5CFAE277/t51.2885-19/s320x320/49858167_539073983238413_6966403921518526464_n.jpg?_nc_ht=scontent-frx5-1.cdninstagram.com,celine.hamann,57,,,,,,,,,,,,
1549062616.779485,Snapcнaт @ceeehoneyi :ghost: :high_voltage:️03/99 :gem_stone: taken :envelope_with_arrow: celine.hmn@web.de:round_pushpin:Germany - Mecklenburg,https://www.prosieben.de/tv/germanys-next-topmodel/votings/staffel-14/welche-kandidatin-ist-deine-favoritin,5309,494,555573468,False,True,False,https://scontent-frx5-1.cdninstagram.com/vp/6f62c5b8595022df95a7577bada387c7/5CFAE277/t51.2885-19/s320x320/49858167_539073983238413_6966403921518526464_n.jpg?_nc_ht=scontent-frx5-1.cdninstagram.com,celine.hamann,57,,,,,,,,,,,,
1549063217.2561023,Snapcнaт @ceeehoneyi :ghost: :high_voltage:️03/99 :gem_stone: taken :envelope_with_arrow: celine.hmn@web.de:round_pushpin:Germany - Mecklenburg,https://www.prosieben.de/tv/germanys-next-topmodel/votings/staffel-14/welche-kandidatin-ist-deine-favoritin,5309,494,555573468,False,True,False,https://scontent-frx5-1.cdninstagram.com/vp/6f62c5b8595022df95a7577bada387c7/5CFAE277/t51.2885-19/s320x320/49858167_539073983238413_6966403921518526464_n.jpg?_nc_ht=scontent-frx5-1.cdninstagram.com,celine.hamann,57,,,,,,,,,,,,
1549063818.361321,Snapcнaт @ceeehoneyi :ghost: :high_voltage:️03/99 :gem_stone: taken :envelope_with_arrow: celine.hmn@web.de:round_pushpin:Germany - Mecklenburg,https://www.prosieben.de/tv/germanys-next-topmodel/votings/staffel-14/welche-kandidatin-ist-deine-favoritin,5309,494,555573468,False,True,False,https://scontent-frx5-1.cdninstagram.com/vp/6f62c5b8595022df95a7577bada387c7/5CFAE277/t51.2885-19/s320x320/49858167_539073983238413_6966403921518526464_n.jpg?_nc_ht=scontent-frx5-1.cdninstagram.com,celine.hamann,57,,,,,,,,,,,,
1549064417.4058568,Snapcнaт @ceeehoneyi :ghost: :high_voltage:️03/99 :gem_stone: taken :envelope_with_arrow: celine.hmn@web.de:round_pushpin:Germany - Mecklenburg,https://www.prosieben.de/tv/germanys-next-topmodel/votings/staffel-14/welche-kandidatin-ist-deine-favoritin,5309,494,555573468,False,True,False,https://scontent-frx5-1.cdninstagram.com/vp/6f62c5b8595022df95a7577bada387c7/5CFAE277/t51.2885-19/s320x320/49858167_539073983238413_6966403921518526464_n.jpg?_nc_ht=scontent-frx5-1.cdninstagram.com,celine.hamann,57,,,,,,,,,,,,
1549065016.9376998,Snapcнaт @ceeehoneyi :ghost: :high_voltage:️03/99 :gem_stone: taken :envelope_with_arrow: celine.hmn@web.de:round_pushpin:Germany - Mecklenburg,https://www.prosieben.de/tv/germanys-next-topmodel/votings/staffel-14/welche-kandidatin-ist-deine-favoritin,5309,494,555573468,False,True,False,https://scontent-frx5-1.cdninstagram.com/vp/6f62c5b8595022df95a7577bada387c7/5CFAE277/t51.2885-19/s320x320/49858167_539073983238413_6966403921518526464_n.jpg?_nc_ht=scontent-frx5-1.cdninstagram.com,celine.hamann,57,,,,,,,,,,,,
1549065619.2811673,Snapcнaт @ceeehoneyi :ghost: :high_voltage:️03/99 :gem_stone: taken :envelope_with_arrow: celine.hmn@web.de:round_pushpin:Germany - Mecklenburg,https://www.prosieben.de/tv/germanys-next-topmodel/votings/staffel-14/welche-kandidatin-ist-deine-favoritin,5309,494,555573468,False,True,False,https://scontent-frx5-1.cdninstagram.com/vp/6f62c5b8595022df95a7577bada387c7/5CFAE277/t51.2885-19/s320x320/49858167_539073983238413_6966403921518526464_n.jpg?_nc_ht=scontent-frx5-1.cdninstagram.com,celine.hamann,57,,,,,,,,,,,,
1549066217.356951,Snapcнaт @ceeehoneyi :ghost: :high_voltage:️03/99 :gem_stone: taken :envelope_with_arrow: celine.hmn@web.de:round_pushpin:Germany - Mecklenburg,https://www.prosieben.de/tv/germanys-next-topmodel/votings/staffel-14/welche-kandidatin-ist-deine-favoritin,5309,494,555573468,False,True,False,https://scontent-frx5-1.cdninstagram.com/vp/6f62c5b8595022df95a7577bada387c7/5CFAE277/t51.2885-19/s320x320/49858167_539073983238413_6966403921518526464_n.jpg?_nc_ht=scontent-frx5-1.cdninstagram.com,celine.hamann,57,,,,,,,,,,,,
1549066817.2599454,Snapcнaт @ceeehoneyi :ghost: :high_voltage:️03/99 :gem_stone: taken :envelope_with_arrow: celine.hmn@web.de:round_pushpin:Germany - Mecklenburg,https://www.prosieben.de/tv/germanys-next-topmodel/votings/staffel-14/welche-kandidatin-ist-deine-favoritin,5309,494,555573468,False,True,False,https://scontent-frx5-1.cdninstagram.com/vp/6f62c5b8595022df95a7577bada387c7/5CFAE277/t51.2885-19/s320x320/49858167_539073983238413_6966403921518526464_n.jpg?_nc_ht=scontent-frx5-1.cdninstagram.com,celine.hamann,57,,,,,,,,,,,,
1549067417.895403,Snapcнaт @ceeehoneyi :ghost: :high_voltage:️03/99 :gem_stone: taken :envelope_with_arrow: celine.hmn@web.de:round_pushpin:Germany - Mecklenburg,https://www.prosieben.de/tv/germanys-next-topmodel/votings/staffel-14/welche-kandidatin-ist-deine-favoritin,5309,494,555573468,False,True,False,https://scontent-frx5-1.cdninstagram.com/vp/6f62c5b8595022df95a7577bada387c7/5CFAE277/t51.2885-19/s320x320/49858167_539073983238413_6966403921518526464_n.jpg?_nc_ht=scontent-frx5-1.cdninstagram.com,celine.hamann,57,,,,,,,,,,,,
1549068021.9493694,Snapcнaт @ceeehoneyi :ghost: :high_voltage:️03/99 :gem_stone: taken :envelope_with_arrow: celine.hmn@web.de:round_pushpin:Germany - Mecklenburg,https://www.prosieben.de/tv/germanys-next-topmodel/votings/staffel-14/welche-kandidatin-ist-deine-favoritin,5309,494,555573468,False,True,False,https://scontent-frx5-1.cdninstagram.com/vp/6f62c5b8595022df95a7577bada387c7/5CFAE277/t51.2885-19/s320x320/49858167_539073983238413_6966403921518526464_n.jpg?_nc_ht=scontent-frx5-1.cdninstagram.com,celine.hamann,57,,,,,,,,,,,,
1549068617.404774,Snapcнaт @ceeehoneyi :ghost: :high_voltage:️03/99 :gem_stone: taken :envelope_with_arrow: celine.hmn@web.de:round_pushpin:Germany - Mecklenburg,https://www.prosieben.de/tv/germanys-next-topmodel/votings/staffel-14/welche-kandidatin-ist-deine-favoritin,5309,494,555573468,False,True,False,https://scontent-frx5-1.cdninstagram.com/vp/6f62c5b8595022df95a7577bada387c7/5CFAE277/t51.2885-19/s320x320/49858167_539073983238413_6966403921518526464_n.jpg?_nc_ht=scontent-frx5-1.cdninstagram.com,celine.hamann,57,,,,,,,,,,,,
1549069218.3971467,Snapcнaт @ceeehoneyi :ghost: :high_voltage:️03/99 :gem_stone: taken :envelope_with_arrow: celine.hmn@web.de:round_pushpin:Germany - Mecklenburg,https://www.prosieben.de/tv/germanys-next-topmodel/votings/staffel-14/welche-kandidatin-ist-deine-favoritin,5309,494,555573468,False,True,False,https://scontent-frx5-1.cdninstagram.com/vp/6f62c5b8595022df95a7577bada387c7/5CFAE277/t51.2885-19/s320x320/49858167_539073983238413_6966403921518526464_n.jpg?_nc_ht=scontent-frx5-1.cdninstagram.com,celine.hamann,57,,,,,,,,,,,,
1549069818.554677,Snapcнaт @ceeehoneyi :ghost: :high_voltage:️03/99 :gem_stone: taken :envelope_with_arrow: celine.hmn@web.de:round_pushpin:Germany - Mecklenburg,https://www.prosieben.de/tv/germanys-next-topmodel/votings/staffel-14/welche-kandidatin-ist-deine-favoritin,5309,494,555573468,False,True,False,https://scontent-frx5-1.cdninstagram.com/vp/6f62c5b8595022df95a7577bada387c7/5CFAE277/t51.2885-19/s320x320/49858167_539073983238413_6966403921518526464_n.jpg?_nc_ht=scontent-frx5-1.cdninstagram.com,celine.hamann,57,,,,,,,,,,,,
1549070418.5911868,Snapcнaт @ceeehoneyi :ghost: :high_voltage:️03/99 :gem_stone: taken :envelope_with_arrow: celine.hmn@web.de:round_pushpin:Germany - Mecklenburg,https://www.prosieben.de/tv/germanys-next-topmodel/votings/staffel-14/welche-kandidatin-ist-deine-favoritin,5309,494,555573468,False,True,False,https://scontent-frx5-1.cdninstagram.com/vp/6f62c5b8595022df95a7577bada387c7/5CFAE277/t51.2885-19/s320x320/49858167_539073983238413_6966403921518526464_n.jpg?_nc_ht=scontent-frx5-1.cdninstagram.com,celine.hamann,57,,,,,,,,,,,,
1549071018.5417213,Snapcнaт @ceeehoneyi :ghost: :high_voltage:️03/99 :gem_stone: taken :envelope_with_arrow: celine.hmn@web.de:round_pushpin:Germany - Mecklenburg,https://www.prosieben.de/tv/germanys-next-topmodel/votings/staffel-14/welche-kandidatin-ist-deine-favoritin,5309,494,555573468,False,True,False,https://scontent-frx5-1.cdninstagram.com/vp/6f62c5b8595022df95a7577bada387c7/5CFAE277/t51.2885-19/s320x320/49858167_539073983238413_6966403921518526464_n.jpg?_nc_ht=scontent-frx5-1.cdninstagram.com,celine.hamann,57,,,,,,,,,,,,
1549071617.7040648,Snapcнaт @ceeehoneyi :ghost: :high_voltage:️03/99 :gem_stone: taken :envelope_with_arrow: celine.hmn@web.de:round_pushpin:Germany - Mecklenburg,https://www.prosieben.de/tv/germanys-next-topmodel/votings/staffel-14/welche-kandidatin-ist-deine-favoritin,5309,494,555573468,False,True,False,https://scontent-frx5-1.cdninstagram.com/vp/6f62c5b8595022df95a7577bada387c7/5CFAE277/t51.2885-19/s320x320/49858167_539073983238413_6966403921518526464_n.jpg?_nc_ht=scontent-frx5-1.cdninstagram.com,celine.hamann,57,,,,,,,,,,,,
1549072217.6601026,Snapcнaт @ceeehoneyi :ghost: :high_voltage:️03/99 :gem_stone: taken :envelope_with_arrow: celine.hmn@web.de:round_pushpin:Germany - Mecklenburg,https://www.prosieben.de/tv/germanys-next-topmodel/votings/staffel-14/welche-kandidatin-ist-deine-favoritin,5309,494,555573468,False,True,False,https://scontent-frx5-1.cdninstagram.com/vp/6f62c5b8595022df95a7577bada387c7/5CFAE277/t51.2885-19/s320x320/49858167_539073983238413_6966403921518526464_n.jpg?_nc_ht=scontent-frx5-1.cdninstagram.com,celine.hamann,57,,,,,,,,,,,,
1549072819.714962,Snapcнaт @ceeehoneyi :ghost: :high_voltage:️03/99 :gem_stone: taken :envelope_with_arrow: celine.hmn@web.de:round_pushpin:Germany - Mecklenburg,https://www.prosieben.de/tv/germanys-next-topmodel/votings/staffel-14/welche-kandidatin-ist-deine-favoritin,5309,494,555573468,False,True,False,https://scontent-frx5-1.cdninstagram.com/vp/6f62c5b8595022df95a7577bada387c7/5CFAE277/t51.2885-19/s320x320/49858167_539073983238413_6966403921518526464_n.jpg?_nc_ht=scontent-frx5-1.cdninstagram.com,celine.hamann,57,,,,,,,,,,,,
1549073418.4059944,Snapcнaт @ceeehoneyi :ghost: :high_voltage:️03/99 :gem_stone: taken :envelope_with_arrow: celine.hmn@web.de:round_pushpin:Germany - Mecklenburg,https://www.prosieben.de/tv/germanys-next-topmodel/votings/staffel-14/welche-kandidatin-ist-deine-favoritin,5309,494,555573468,False,True,False,https://scontent-frx5-1.cdninstagram.com/vp/6f62c5b8595022df95a7577bada387c7/5CFAE277/t51.2885-19/s320x320/49858167_539073983238413_6966403921518526464_n.jpg?_nc_ht=scontent-frx5-1.cdninstagram.com,celine.hamann,57,,,,,,,,,,,,
1549074017.0992336,Snapcнaт @ceeehoneyi :ghost: :high_voltage:️03/99 :gem_stone: taken :envelope_with_arrow: celine.hmn@web.de:round_pushpin:Germany - Mecklenburg,https://www.prosieben.de/tv/germanys-next-topmodel/votings/staffel-14/welche-kandidatin-ist-deine-favoritin,5309,494,555573468,False,True,False,https://scontent-frx5-1.cdninstagram.com/vp/6f62c5b8595022df95a7577bada387c7/5CFAE277/t51.2885-19/s320x320/49858167_539073983238413_6966403921518526464_n.jpg?_nc_ht=scontent-frx5-1.cdninstagram.com,celine.hamann,57,,,,,,,,,,,,
1549074620.431839,Snapcнaт @ceeehoneyi :ghost: :high_voltage:️03/99 :gem_stone: taken :envelope_with_arrow: celine.hmn@web.de:round_pushpin:Germany - Mecklenburg,https://www.prosieben.de/tv/germanys-next-topmodel/votings/staffel-14/welche-kandidatin-ist-deine-favoritin,5309,494,555573468,False,True,False,https://scontent-frx5-1.cdninstagram.com/vp/6f62c5b8595022df95a7577bada387c7/5CFAE277/t51.2885-19/s320x320/49858167_539073983238413_6966403921518526464_n.jpg?_nc_ht=scontent-frx5-1.cdninstagram.com,celine.hamann,57,,,,,,,,,,,,
1549075216.958757,Snapcнaт @ceeehoneyi :ghost: :high_voltage:️03/99 :gem_stone: taken :envelope_with_arrow: celine.hmn@web.de:round_pushpin:Germany - Mecklenburg,https://www.prosieben.de/tv/germanys-next-topmodel/votings/staffel-14/welche-kandidatin-ist-deine-favoritin,5309,494,555573468,False,True,False,https://scontent-frx5-1.cdninstagram.com/vp/6f62c5b8595022df95a7577bada387c7/5CFAE277/t51.2885-19/s320x320/49858167_539073983238413_6966403921518526464_n.jpg?_nc_ht=scontent-frx5-1.cdninstagram.com,celine.hamann,57,,,,,,,,,,,,
1549075817.3612802,Snapcнaт @ceeehoneyi :ghost: :high_voltage:️03/99 :gem_stone: taken :envelope_with_arrow: celine.hmn@web.de:round_pushpin:Germany - Mecklenburg,https://www.prosieben.de/tv/germanys-next-topmodel/votings/staffel-14/welche-kandidatin-ist-deine-favoritin,5309,494,555573468,False,True,False,https://scontent-frx5-1.cdninstagram.com/vp/6f62c5b8595022df95a7577bada387c7/5CFAE277/t51.2885-19/s320x320/49858167_539073983238413_6966403921518526464_n.jpg?_nc_ht=scontent-frx5-1.cdninstagram.com,celine.hamann,57,,,,,,,,,,,,
1549076418.1364558,Snapcнaт @ceeehoneyi :ghost: :high_voltage:️03/99 :gem_stone: taken :envelope_with_arrow: celine.hmn@web.de:round_pushpin:Germany - Mecklenburg,https://www.prosieben.de/tv/germanys-next-topmodel/votings/staffel-14/welche-kandidatin-ist-deine-favoritin,5309,494,555573468,False,True,False,https://scontent-frx5-1.cdninstagram.com/vp/6f62c5b8595022df95a7577bada387c7/5CFAE277/t51.2885-19/s320x320/49858167_539073983238413_6966403921518526464_n.jpg?_nc_ht=scontent-frx5-1.cdninstagram.com,celine.hamann,57,,,,,,,,,,,,
1549077019.1212425,Snapcнaт @ceeehoneyi :ghost: :high_voltage:️03/99 :gem_stone: taken :envelope_with_arrow: celine.hmn@web.de:round_pushpin:Germany - Mecklenburg,https://www.prosieben.de/tv/germanys-next-topmodel/votings/staffel-14/welche-kandidatin-ist-deine-favoritin,5309,494,555573468,False,True,False,https://scontent-frx5-1.cdninstagram.com/vp/6f62c5b8595022df95a7577bada387c7/5CFAE277/t51.2885-19/s320x320/49858167_539073983238413_6966403921518526464_n.jpg?_nc_ht=scontent-frx5-1.cdninstagram.com,celine.hamann,57,,,,,,,,,,,,
1549077618.696936,Snapcнaт @ceeehoneyi :ghost: :high_voltage:️03/99 :gem_stone: taken :envelope_with_arrow: celine.hmn@web.de:round_pushpin:Germany - Mecklenburg,https://www.prosieben.de/tv/germanys-next-topmodel/votings/staffel-14/welche-kandidatin-ist-deine-favoritin,5309,494,555573468,False,True,False,https://scontent-frx5-1.cdninstagram.com/vp/6f62c5b8595022df95a7577bada387c7/5CFAE277/t51.2885-19/s320x320/49858167_539073983238413_6966403921518526464_n.jpg?_nc_ht=scontent-frx5-1.cdninstagram.com,celine.hamann,57,,,,,,,,,,,,
1549078217.628659,Snapcнaт @ceeehoneyi :ghost: :high_voltage:️03/99 :gem_stone: taken :envelope_with_arrow: celine.hmn@web.de:round_pushpin:Germany - Mecklenburg,https://www.prosieben.de/tv/germanys-next-topmodel/votings/staffel-14/welche-kandidatin-ist-deine-favoritin,5309,494,555573468,False,True,False,https://scontent-frx5-1.cdninstagram.com/vp/6f62c5b8595022df95a7577bada387c7/5CFAE277/t51.2885-19/s320x320/49858167_539073983238413_6966403921518526464_n.jpg?_nc_ht=scontent-frx5-1.cdninstagram.com,celine.hamann,57,,,,,,,,,,,,
1549078817.8940785,Snapcнaт @ceeehoneyi :ghost: :high_voltage:️03/99 :gem_stone: taken :envelope_with_arrow: celine.hmn@web.de:round_pushpin:Germany - Mecklenburg,https://www.prosieben.de/tv/germanys-next-topmodel/votings/staffel-14/welche-kandidatin-ist-deine-favoritin,5309,494,555573468,False,True,False,https://scontent-frx5-1.cdninstagram.com/vp/6f62c5b8595022df95a7577bada387c7/5CFAE277/t51.2885-19/s320x320/49858167_539073983238413_6966403921518526464_n.jpg?_nc_ht=scontent-frx5-1.cdninstagram.com,celine.hamann,57,,,,,,,,,,,,
1549079417.6995986,Snapcнaт @ceeehoneyi :ghost: :high_voltage:️03/99 :gem_stone: taken :envelope_with_arrow: celine.hmn@web.de:round_pushpin:Germany - Mecklenburg,https://www.prosieben.de/tv/germanys-next-topmodel/votings/staffel-14/welche-kandidatin-ist-deine-favoritin,5309,494,555573468,False,True,False,https://scontent-frx5-1.cdninstagram.com/vp/6f62c5b8595022df95a7577bada387c7/5CFAE277/t51.2885-19/s320x320/49858167_539073983238413_6966403921518526464_n.jpg?_nc_ht=scontent-frx5-1.cdninstagram.com,celine.hamann,57,,,,,,,,,,,,
1549080018.1087406,Snapcнaт @ceeehoneyi :ghost: :high_voltage:️03/99 :gem_stone: taken :envelope_with_arrow: celine.hmn@web.de:round_pushpin:Germany - Mecklenburg,https://www.prosieben.de/tv/germanys-next-topmodel/votings/staffel-14/welche-kandidatin-ist-deine-favoritin,5309,494,555573468,False,True,False,https://scontent-frx5-1.cdninstagram.com/vp/6f62c5b8595022df95a7577bada387c7/5CFAE277/t51.2885-19/s320x320/49858167_539073983238413_6966403921518526464_n.jpg?_nc_ht=scontent-frx5-1.cdninstagram.com,celine.hamann,57,,,,,,,,,,,,
1549080616.684265,Snapcнaт @ceeehoneyi :ghost: :high_voltage:️03/99 :gem_stone: taken :envelope_with_arrow: celine.hmn@web.de:round_pushpin:Germany - Mecklenburg,https://www.prosieben.de/tv/germanys-next-topmodel/votings/staffel-14/welche-kandidatin-ist-deine-favoritin,5309,494,555573468,False,True,False,https://scontent-frx5-1.cdninstagram.com/vp/6f62c5b8595022df95a7577bada387c7/5CFAE277/t51.2885-19/s320x320/49858167_539073983238413_6966403921518526464_n.jpg?_nc_ht=scontent-frx5-1.cdninstagram.com,celine.hamann,57,,,,,,,,,,,,
1549081216.8551345,Snapcнaт @ceeehoneyi :ghost: :high_voltage:️03/99 :gem_stone: taken :envelope_with_arrow: celine.hmn@web.de:round_pushpin:Germany - Mecklenburg,https://www.prosieben.de/tv/germanys-next-topmodel/votings/staffel-14/welche-kandidatin-ist-deine-favoritin,5309,494,555573468,False,True,False,https://scontent-frx5-1.cdninstagram.com/vp/6f62c5b8595022df95a7577bada387c7/5CFAE277/t51.2885-19/s320x320/49858167_539073983238413_6966403921518526464_n.jpg?_nc_ht=scontent-frx5-1.cdninstagram.com,celine.hamann,57,,,,,,,,,,,,
1549081817.1492026,Snapcнaт @ceeehoneyi :ghost: :high_voltage:️03/99 :gem_stone: taken :envelope_with_arrow: celine.hmn@web.de:round_pushpin:Germany - Mecklenburg,https://www.prosieben.de/tv/germanys-next-topmodel/votings/staffel-14/welche-kandidatin-ist-deine-favoritin,5309,494,555573468,False,True,False,https://scontent-frx5-1.cdninstagram.com/vp/6f62c5b8595022df95a7577bada387c7/5CFAE277/t51.2885-19/s320x320/49858167_539073983238413_6966403921518526464_n.jpg?_nc_ht=scontent-frx5-1.cdninstagram.com,celine.hamann,57,,,,,,,,,,,,
1549082417.3925526,Snapcнaт @ceeehoneyi :ghost: :high_voltage:️03/99 :gem_stone: taken :envelope_with_arrow: celine.hmn@web.de:round_pushpin:Germany - Mecklenburg,https://www.prosieben.de/tv/germanys-next-topmodel/votings/staffel-14/welche-kandidatin-ist-deine-favoritin,5309,494,555573468,False,True,False,https://scontent-frx5-1.cdninstagram.com/vp/6f62c5b8595022df95a7577bada387c7/5CFAE277/t51.2885-19/s320x320/49858167_539073983238413_6966403921518526464_n.jpg?_nc_ht=scontent-frx5-1.cdninstagram.com,celine.hamann,57,,,,,,,,,,,,
1549083017.7305913,Snapcнaт @ceeehoneyi :ghost: :high_voltage:️03/99 :gem_stone: taken :envelope_with_arrow: celine.hmn@web.de:round_pushpin:Germany - Mecklenburg,https://www.prosieben.de/tv/germanys-next-topmodel/votings/staffel-14/welche-kandidatin-ist-deine-favoritin,5309,494,555573468,False,True,False,https://scontent-frx5-1.cdninstagram.com/vp/6f62c5b8595022df95a7577bada387c7/5CFAE277/t51.2885-19/s320x320/49858167_539073983238413_6966403921518526464_n.jpg?_nc_ht=scontent-frx5-1.cdninstagram.com,celine.hamann,57,,,,,,,,,,,,
1549083617.2680738,Snapcнaт @ceeehoneyi :ghost: :high_voltage:️03/99 :gem_stone: taken :envelope_with_arrow: celine.hmn@web.de:round_pushpin:Germany - Mecklenburg,https://www.prosieben.de/tv/germanys-next-topmodel/votings/staffel-14/welche-kandidatin-ist-deine-favoritin,5309,494,555573468,False,True,False,https://scontent-frx5-1.cdninstagram.com/vp/6f62c5b8595022df95a7577bada387c7/5CFAE277/t51.2885-19/s320x320/49858167_539073983238413_6966403921518526464_n.jpg?_nc_ht=scontent-frx5-1.cdninstagram.com,celine.hamann,57,,,,,,,,,,,,
1549084217.8165245,Snapcнaт @ceeehoneyi :ghost: :high_voltage:️03/99 :gem_stone: taken :envelope_with_arrow: celine.hmn@web.de:round_pushpin:Germany - Mecklenburg,https://www.prosieben.de/tv/germanys-next-topmodel/votings/staffel-14/welche-kandidatin-ist-deine-favoritin,5309,494,555573468,False,True,False,https://scontent-frx5-1.cdninstagram.com/vp/6f62c5b8595022df95a7577bada387c7/5CFAE277/t51.2885-19/s320x320/49858167_539073983238413_6966403921518526464_n.jpg?_nc_ht=scontent-frx5-1.cdninstagram.com,celine.hamann,57,,,,,,,,,,,,
1549084818.8804777,Snapcнaт @ceeehoneyi :ghost: :high_voltage:️03/99 :gem_stone: taken :envelope_with_arrow: celine.hmn@web.de:round_pushpin:Germany - Mecklenburg,https://www.prosieben.de/tv/germanys-next-topmodel/votings/staffel-14/welche-kandidatin-ist-deine-favoritin,5309,494,555573468,False,True,False,https://scontent-frx5-1.cdninstagram.com/vp/6f62c5b8595022df95a7577bada387c7/5CFAE277/t51.2885-19/s320x320/49858167_539073983238413_6966403921518526464_n.jpg?_nc_ht=scontent-frx5-1.cdninstagram.com,celine.hamann,57,,,,,,,,,,,,
1549085417.8473642,Snapcнaт @ceeehoneyi :ghost: :high_voltage:️03/99 :gem_stone: taken :envelope_with_arrow: celine.hmn@web.de:round_pushpin:Germany - Mecklenburg,https://www.prosieben.de/tv/germanys-next-topmodel/votings/staffel-14/welche-kandidatin-ist-deine-favoritin,5309,494,555573468,False,True,False,https://scontent-frx5-1.cdninstagram.com/vp/6f62c5b8595022df95a7577bada387c7/5CFAE277/t51.2885-19/s320x320/49858167_539073983238413_6966403921518526464_n.jpg?_nc_ht=scontent-frx5-1.cdninstagram.com,celine.hamann,57,,,,,,,,,,,,
1549086017.6407979,Snapcнaт @ceeehoneyi :ghost: :high_voltage:️03/99 :gem_stone: taken :envelope_with_arrow: celine.hmn@web.de:round_pushpin:Germany - Mecklenburg,https://www.prosieben.de/tv/germanys-next-topmodel/votings/staffel-14/welche-kandidatin-ist-deine-favoritin,5309,494,555573468,False,True,False,https://scontent-frx5-1.cdninstagram.com/vp/6f62c5b8595022df95a7577bada387c7/5CFAE277/t51.2885-19/s320x320/49858167_539073983238413_6966403921518526464_n.jpg?_nc_ht=scontent-frx5-1.cdninstagram.com,celine.hamann,57,,,,,,,,,,,,
1549086617.043428,Snapcнaт @ceeehoneyi :ghost: :high_voltage:️03/99 :gem_stone: taken :envelope_with_arrow: celine.hmn@web.de:round_pushpin:Germany - Mecklenburg,https://www.prosieben.de/tv/germanys-next-topmodel/votings/staffel-14/welche-kandidatin-ist-deine-favoritin,5309,494,555573468,False,True,False,https://scontent-frx5-1.cdninstagram.com/vp/6f62c5b8595022df95a7577bada387c7/5CFAE277/t51.2885-19/s320x320/49858167_539073983238413_6966403921518526464_n.jpg?_nc_ht=scontent-frx5-1.cdninstagram.com,celine.hamann,57,,,,,,,,,,,,
1549087217.6288636,Snapcнaт @ceeehoneyi :ghost: :high_voltage:️03/99 :gem_stone: taken :envelope_with_arrow: celine.hmn@web.de:round_pushpin:Germany - Mecklenburg,https://www.prosieben.de/tv/germanys-next-topmodel/votings/staffel-14/welche-kandidatin-ist-deine-favoritin,5309,494,555573468,False,True,False,https://scontent-frx5-1.cdninstagram.com/vp/6f62c5b8595022df95a7577bada387c7/5CFAE277/t51.2885-19/s320x320/49858167_539073983238413_6966403921518526464_n.jpg?_nc_ht=scontent-frx5-1.cdninstagram.com,celine.hamann,57,,,,,,,,,,,,
1549087817.233827,Snapcнaт @ceeehoneyi :ghost: :high_voltage:️03/99 :gem_stone: taken :envelope_with_arrow: celine.hmn@web.de:round_pushpin:Germany - Mecklenburg,https://www.prosieben.de/tv/germanys-next-topmodel/votings/staffel-14/welche-kandidatin-ist-deine-favoritin,5309,494,555573468,False,True,False,https://scontent-frx5-1.cdninstagram.com/vp/6f62c5b8595022df95a7577bada387c7/5CFAE277/t51.2885-19/s320x320/49858167_539073983238413_6966403921518526464_n.jpg?_nc_ht=scontent-frx5-1.cdninstagram.com,celine.hamann,57,,,,,,,,,,,,
1549088416.6734767,Snapcнaт @ceeehoneyi :ghost: :high_voltage:️03/99 :gem_stone: taken :envelope_with_arrow: celine.hmn@web.de:round_pushpin:Germany - Mecklenburg,https://www.prosieben.de/tv/germanys-next-topmodel/votings/staffel-14/welche-kandidatin-ist-deine-favoritin,5309,494,555573468,False,True,False,https://scontent-frx5-1.cdninstagram.com/vp/6f62c5b8595022df95a7577bada387c7/5CFAE277/t51.2885-19/s320x320/49858167_539073983238413_6966403921518526464_n.jpg?_nc_ht=scontent-frx5-1.cdninstagram.com,celine.hamann,57,,,,,,,,,,,,
1549089016.624399,Snapcнaт @ceeehoneyi :ghost: :high_voltage:️03/99 :gem_stone: taken :envelope_with_arrow: celine.hmn@web.de:round_pushpin:Germany - Mecklenburg,https://www.prosieben.de/tv/germanys-next-topmodel/votings/staffel-14/welche-kandidatin-ist-deine-favoritin,5309,494,555573468,False,True,False,https://scontent-frx5-1.cdninstagram.com/vp/6f62c5b8595022df95a7577bada387c7/5CFAE277/t51.2885-19/s320x320/49858167_539073983238413_6966403921518526464_n.jpg?_nc_ht=scontent-frx5-1.cdninstagram.com,celine.hamann,57,,,,,,,,,,,,
1549089617.6845143,Snapcнaт @ceeehoneyi :ghost: :high_voltage:️03/99 :gem_stone: taken :envelope_with_arrow: celine.hmn@web.de:round_pushpin:Germany - Mecklenburg,https://www.prosieben.de/tv/germanys-next-topmodel/votings/staffel-14/welche-kandidatin-ist-deine-favoritin,5309,494,555573468,False,True,False,https://scontent-frx5-1.cdninstagram.com/vp/6f62c5b8595022df95a7577bada387c7/5CFAE277/t51.2885-19/s320x320/49858167_539073983238413_6966403921518526464_n.jpg?_nc_ht=scontent-frx5-1.cdninstagram.com,celine.hamann,57,,,,,,,,,,,,
1549090217.2123933,Snapcнaт @ceeehoneyi :ghost: :high_voltage:️03/99 :gem_stone: taken :envelope_with_arrow: celine.hmn@web.de:round_pushpin:Germany - Mecklenburg,https://www.prosieben.de/tv/germanys-next-topmodel/votings/staffel-14/welche-kandidatin-ist-deine-favoritin,5309,494,555573468,False,True,False,https://scontent-frx5-1.cdninstagram.com/vp/6f62c5b8595022df95a7577bada387c7/5CFAE277/t51.2885-19/s320x320/49858167_539073983238413_6966403921518526464_n.jpg?_nc_ht=scontent-frx5-1.cdninstagram.com,celine.hamann,57,,,,,,,,,,,,
1549090817.6473205,Snapcнaт @ceeehoneyi :ghost: :high_voltage:️03/99 :gem_stone: taken :envelope_with_arrow: celine.hmn@web.de:round_pushpin:Germany - Mecklenburg,https://www.prosieben.de/tv/germanys-next-topmodel/votings/staffel-14/welche-kandidatin-ist-deine-favoritin,5309,494,555573468,False,True,False,https://scontent-frx5-1.cdninstagram.com/vp/6f62c5b8595022df95a7577bada387c7/5CFAE277/t51.2885-19/s320x320/49858167_539073983238413_6966403921518526464_n.jpg?_nc_ht=scontent-frx5-1.cdninstagram.com,celine.hamann,57,,,,,,,,,,,,
1549091417.5519488,Snapcнaт @ceeehoneyi :ghost: :high_voltage:️03/99 :gem_stone: taken :envelope_with_arrow: celine.hmn@web.de:round_pushpin:Germany - Mecklenburg,https://www.prosieben.de/tv/germanys-next-topmodel/votings/staffel-14/welche-kandidatin-ist-deine-favoritin,5309,494,555573468,False,True,False,https://scontent-frx5-1.cdninstagram.com/vp/6f62c5b8595022df95a7577bada387c7/5CFAE277/t51.2885-19/s320x320/49858167_539073983238413_6966403921518526464_n.jpg?_nc_ht=scontent-frx5-1.cdninstagram.com,celine.hamann,57,,,,,,,,,,,,
1549092018.8135936,Snapcнaт @ceeehoneyi :ghost: :high_voltage:️03/99 :gem_stone: taken :envelope_with_arrow: celine.hmn@web.de:round_pushpin:Germany - Mecklenburg,https://www.prosieben.de/tv/germanys-next-topmodel/votings/staffel-14/welche-kandidatin-ist-deine-favoritin,5309,494,555573468,False,True,False,https://scontent-frx5-1.cdninstagram.com/vp/6f62c5b8595022df95a7577bada387c7/5CFAE277/t51.2885-19/s320x320/49858167_539073983238413_6966403921518526464_n.jpg?_nc_ht=scontent-frx5-1.cdninstagram.com,celine.hamann,57,,,,,,,,,,,,
1549092617.2163389,Snapcнaт @ceeehoneyi :ghost: :high_voltage:️03/99 :gem_stone: taken :envelope_with_arrow: celine.hmn@web.de:round_pushpin:Germany - Mecklenburg,https://www.prosieben.de/tv/germanys-next-topmodel/votings/staffel-14/welche-kandidatin-ist-deine-favoritin,5309,494,555573468,False,True,False,https://scontent-frx5-1.cdninstagram.com/vp/6f62c5b8595022df95a7577bada387c7/5CFAE277/t51.2885-19/s320x320/49858167_539073983238413_6966403921518526464_n.jpg?_nc_ht=scontent-frx5-1.cdninstagram.com,celine.hamann,57,,,,,,,,,,,,
1549093217.664301,Snapcнaт @ceeehoneyi :ghost: :high_voltage:️03/99 :gem_stone: taken :envelope_with_arrow: celine.hmn@web.de:round_pushpin:Germany - Mecklenburg,https://www.prosieben.de/tv/germanys-next-topmodel/votings/staffel-14/welche-kandidatin-ist-deine-favoritin,5309,494,555573468,False,True,False,https://scontent-frx5-1.cdninstagram.com/vp/6f62c5b8595022df95a7577bada387c7/5CFAE277/t51.2885-19/s320x320/49858167_539073983238413_6966403921518526464_n.jpg?_nc_ht=scontent-frx5-1.cdninstagram.com,celine.hamann,57,,,,,,,,,,,,
1549093817.3184297,Snapcнaт @ceeehoneyi :ghost: :high_voltage:️03/99 :gem_stone: taken :envelope_with_arrow: celine.hmn@web.de:round_pushpin:Germany - Mecklenburg,https://www.prosieben.de/tv/germanys-next-topmodel/votings/staffel-14/welche-kandidatin-ist-deine-favoritin,5309,494,555573468,False,True,False,https://scontent-frx5-1.cdninstagram.com/vp/6f62c5b8595022df95a7577bada387c7/5CFAE277/t51.2885-19/s320x320/49858167_539073983238413_6966403921518526464_n.jpg?_nc_ht=scontent-frx5-1.cdninstagram.com,celine.hamann,57,,,,,,,,,,,,
1549094417.7825916,Snapcнaт @ceeehoneyi :ghost: :high_voltage:️03/99 :gem_stone: taken :envelope_with_arrow: celine.hmn@web.de:round_pushpin:Germany - Mecklenburg,https://www.prosieben.de/tv/germanys-next-topmodel/votings/staffel-14/welche-kandidatin-ist-deine-favoritin,5309,494,555573468,False,True,False,https://scontent-frx5-1.cdninstagram.com/vp/6f62c5b8595022df95a7577bada387c7/5CFAE277/t51.2885-19/s320x320/49858167_539073983238413_6966403921518526464_n.jpg?_nc_ht=scontent-frx5-1.cdninstagram.com,celine.hamann,57,,,,,,,,,,,,
1549095017.7482855,Snapcнaт @ceeehoneyi :ghost: :high_voltage:️03/99 :gem_stone: taken :envelope_with_arrow: celine.hmn@web.de:round_pushpin:Germany - Mecklenburg,https://www.prosieben.de/tv/germanys-next-topmodel/votings/staffel-14/welche-kandidatin-ist-deine-favoritin,5309,494,555573468,False,True,False,https://scontent-frx5-1.cdninstagram.com/vp/6f62c5b8595022df95a7577bada387c7/5CFAE277/t51.2885-19/s320x320/49858167_539073983238413_6966403921518526464_n.jpg?_nc_ht=scontent-frx5-1.cdninstagram.com,celine.hamann,57,,,,,,,,,,,,
1549095617.6579247,Snapcнaт @ceeehoneyi :ghost: :high_voltage:️03/99 :gem_stone: taken :envelope_with_arrow: celine.hmn@web.de:round_pushpin:Germany - Mecklenburg,https://www.prosieben.de/tv/germanys-next-topmodel/votings/staffel-14/welche-kandidatin-ist-deine-favoritin,5309,494,555573468,False,True,False,https://scontent-frx5-1.cdninstagram.com/vp/6f62c5b8595022df95a7577bada387c7/5CFAE277/t51.2885-19/s320x320/49858167_539073983238413_6966403921518526464_n.jpg?_nc_ht=scontent-frx5-1.cdninstagram.com,celine.hamann,57,,,,,,,,,,,,
1549096218.2596347,Snapcнaт @ceeehoneyi :ghost: :high_voltage:️03/99 :gem_stone: taken :envelope_with_arrow: celine.hmn@web.de:round_pushpin:Germany - Mecklenburg,https://www.prosieben.de/tv/germanys-next-topmodel/votings/staffel-14/welche-kandidatin-ist-deine-favoritin,5309,494,555573468,False,True,False,https://scontent-frx5-1.cdninstagram.com/vp/6f62c5b8595022df95a7577bada387c7/5CFAE277/t51.2885-19/s320x320/49858167_539073983238413_6966403921518526464_n.jpg?_nc_ht=scontent-frx5-1.cdninstagram.com,celine.hamann,57,,,,,,,,,,,,
1549096817.3395946,Snapcнaт @ceeehoneyi :ghost: :high_voltage:️03/99 :gem_stone: taken :envelope_with_arrow: celine.hmn@web.de:round_pushpin:Germany - Mecklenburg,https://www.prosieben.de/tv/germanys-next-topmodel/votings/staffel-14/welche-kandidatin-ist-deine-favoritin,5309,494,555573468,False,True,False,https://scontent-frx5-1.cdninstagram.com/vp/6f62c5b8595022df95a7577bada387c7/5CFAE277/t51.2885-19/s320x320/49858167_539073983238413_6966403921518526464_n.jpg?_nc_ht=scontent-frx5-1.cdninstagram.com,celine.hamann,57,,,,,,,,,,,,
1549097417.1923368,Snapcнaт @ceeehoneyi :ghost: :high_voltage:️03/99 :gem_stone: taken :envelope_with_arrow: celine.hmn@web.de:round_pushpin:Germany - Mecklenburg,https://www.prosieben.de/tv/germanys-next-topmodel/votings/staffel-14/welche-kandidatin-ist-deine-favoritin,5309,494,555573468,False,True,False,https://scontent-frx5-1.cdninstagram.com/vp/6f62c5b8595022df95a7577bada387c7/5CFAE277/t51.2885-19/s320x320/49858167_539073983238413_6966403921518526464_n.jpg?_nc_ht=scontent-frx5-1.cdninstagram.com,celine.hamann,57,,,,,,,,,,,,
1549098017.47038,Snapcнaт @ceeehoneyi :ghost: :high_voltage:️03/99 :gem_stone: taken :envelope_with_arrow: celine.hmn@web.de:round_pushpin:Germany - Mecklenburg,https://www.prosieben.de/tv/germanys-next-topmodel/votings/staffel-14/welche-kandidatin-ist-deine-favoritin,5309,494,555573468,False,True,False,https://scontent-frx5-1.cdninstagram.com/vp/6f62c5b8595022df95a7577bada387c7/5CFAE277/t51.2885-19/s320x320/49858167_539073983238413_6966403921518526464_n.jpg?_nc_ht=scontent-frx5-1.cdninstagram.com,celine.hamann,57,,,,,,,,,,,,
1549098617.9775486,Snapcнaт @ceeehoneyi :ghost: :high_voltage:️03/99 :gem_stone: taken :envelope_with_arrow: celine.hmn@web.de:round_pushpin:Germany - Mecklenburg,https://www.prosieben.de/tv/germanys-next-topmodel/votings/staffel-14/welche-kandidatin-ist-deine-favoritin,5309,494,555573468,False,True,False,https://scontent-frx5-1.cdninstagram.com/vp/6f62c5b8595022df95a7577bada387c7/5CFAE277/t51.2885-19/s320x320/49858167_539073983238413_6966403921518526464_n.jpg?_nc_ht=scontent-frx5-1.cdninstagram.com,celine.hamann,57,,,,,,,,,,,,
1549099218.4214067,Snapcнaт @ceeehoneyi :ghost: :high_voltage:️03/99 :gem_stone: taken :envelope_with_arrow: celine.hmn@web.de:round_pushpin:Germany - Mecklenburg,https://www.prosieben.de/tv/germanys-next-topmodel/votings/staffel-14/welche-kandidatin-ist-deine-favoritin,5309,494,555573468,False,True,False,https://scontent-frx5-1.cdninstagram.com/vp/6f62c5b8595022df95a7577bada387c7/5CFAE277/t51.2885-19/s320x320/49858167_539073983238413_6966403921518526464_n.jpg?_nc_ht=scontent-frx5-1.cdninstagram.com,celine.hamann,57,,,,,,,,,,,,
1549099817.2634516,Snapcнaт @ceeehoneyi :ghost: :high_voltage:️03/99 :gem_stone: taken :envelope_with_arrow: celine.hmn@web.de:round_pushpin:Germany - Mecklenburg,https://www.prosieben.de/tv/germanys-next-topmodel/votings/staffel-14/welche-kandidatin-ist-deine-favoritin,5309,494,555573468,False,True,False,https://scontent-frx5-1.cdninstagram.com/vp/6f62c5b8595022df95a7577bada387c7/5CFAE277/t51.2885-19/s320x320/49858167_539073983238413_6966403921518526464_n.jpg?_nc_ht=scontent-frx5-1.cdninstagram.com,celine.hamann,57,,,,,,,,,,,,
1549100417.2950525,Snapcнaт @ceeehoneyi :ghost: :high_voltage:️03/99 :gem_stone: taken :envelope_with_arrow: celine.hmn@web.de:round_pushpin:Germany - Mecklenburg,https://www.prosieben.de/tv/germanys-next-topmodel/votings/staffel-14/welche-kandidatin-ist-deine-favoritin,5309,494,555573468,False,True,False,https://scontent-frx5-1.cdninstagram.com/vp/6f62c5b8595022df95a7577bada387c7/5CFAE277/t51.2885-19/s320x320/49858167_539073983238413_6966403921518526464_n.jpg?_nc_ht=scontent-frx5-1.cdninstagram.com,celine.hamann,57,,,,,,,,,,,,
1549101018.188276,Snapcнaт @ceeehoneyi :ghost: :high_voltage:️03/99 :gem_stone: taken :envelope_with_arrow: celine.hmn@web.de:round_pushpin:Germany - Mecklenburg,https://www.prosieben.de/tv/germanys-next-topmodel/votings/staffel-14/welche-kandidatin-ist-deine-favoritin,5309,494,555573468,False,True,False,https://scontent-frx5-1.cdninstagram.com/vp/6f62c5b8595022df95a7577bada387c7/5CFAE277/t51.2885-19/s320x320/49858167_539073983238413_6966403921518526464_n.jpg?_nc_ht=scontent-frx5-1.cdninstagram.com,celine.hamann,57,,,,,,,,,,,,
1549101617.8495197,Snapcнaт @ceeehoneyi :ghost: :high_voltage:️03/99 :gem_stone: taken :envelope_with_arrow: celine.hmn@web.de:round_pushpin:Germany - Mecklenburg,https://www.prosieben.de/tv/germanys-next-topmodel/votings/staffel-14/welche-kandidatin-ist-deine-favoritin,5308,494,555573468,False,True,False,https://scontent-frx5-1.cdninstagram.com/vp/6f62c5b8595022df95a7577bada387c7/5CFAE277/t51.2885-19/s320x320/49858167_539073983238413_6966403921518526464_n.jpg?_nc_ht=scontent-frx5-1.cdninstagram.com,celine.hamann,57,,,,,,,,,,,,
1549102217.2865825,Snapcнaт @ceeehoneyi :ghost: :high_voltage:️03/99 :gem_stone: taken :envelope_with_arrow: celine.hmn@web.de:round_pushpin:Germany - Mecklenburg,https://www.prosieben.de/tv/germanys-next-topmodel/votings/staffel-14/welche-kandidatin-ist-deine-favoritin,5308,494,555573468,False,True,False,https://scontent-frx5-1.cdninstagram.com/vp/6f62c5b8595022df95a7577bada387c7/5CFAE277/t51.2885-19/s320x320/49858167_539073983238413_6966403921518526464_n.jpg?_nc_ht=scontent-frx5-1.cdninstagram.com,celine.hamann,57,,,,,,,,,,,,
1549102818.1940734,Snapcнaт @ceeehoneyi :ghost: :high_voltage:️03/99 :gem_stone: taken :envelope_with_arrow: celine.hmn@web.de:round_pushpin:Germany - Mecklenburg,https://www.prosieben.de/tv/germanys-next-topmodel/votings/staffel-14/welche-kandidatin-ist-deine-favoritin,5308,494,555573468,False,True,False,https://scontent-frx5-1.cdninstagram.com/vp/6f62c5b8595022df95a7577bada387c7/5CFAE277/t51.2885-19/s320x320/49858167_539073983238413_6966403921518526464_n.jpg?_nc_ht=scontent-frx5-1.cdninstagram.com,celine.hamann,57,,,,,,,,,,,,
1549103417.428207,Snapcнaт @ceeehoneyi :ghost: :high_voltage:️03/99 :gem_stone: taken :envelope_with_arrow: celine.hmn@web.de:round_pushpin:Germany - Mecklenburg,https://www.prosieben.de/tv/germanys-next-topmodel/votings/staffel-14/welche-kandidatin-ist-deine-favoritin,5308,494,555573468,False,True,False,https://scontent-frx5-1.cdninstagram.com/vp/6f62c5b8595022df95a7577bada387c7/5CFAE277/t51.2885-19/s320x320/49858167_539073983238413_6966403921518526464_n.jpg?_nc_ht=scontent-frx5-1.cdninstagram.com,celine.hamann,57,,,,,,,,,,,,
1549104017.2396882,Snapcнaт @ceeehoneyi :ghost: :high_voltage:️03/99 :gem_stone: taken :envelope_with_arrow: celine.hmn@web.de:round_pushpin:Germany - Mecklenburg,https://www.prosieben.de/tv/germanys-next-topmodel/votings/staffel-14/welche-kandidatin-ist-deine-favoritin,5308,494,555573468,False,True,False,https://scontent-frx5-1.cdninstagram.com/vp/6f62c5b8595022df95a7577bada387c7/5CFAE277/t51.2885-19/s320x320/49858167_539073983238413_6966403921518526464_n.jpg?_nc_ht=scontent-frx5-1.cdninstagram.com,celine.hamann,57,,,,,,,,,,,,
1549104617.9211266,Snapcнaт @ceeehoneyi :ghost: :high_voltage:️03/99 :gem_stone: taken :envelope_with_arrow: celine.hmn@web.de:round_pushpin:Germany - Mecklenburg,https://www.prosieben.de/tv/germanys-next-topmodel/votings/staffel-14/welche-kandidatin-ist-deine-favoritin,5308,494,555573468,False,True,False,https://scontent-frx5-1.cdninstagram.com/vp/6f62c5b8595022df95a7577bada387c7/5CFAE277/t51.2885-19/s320x320/49858167_539073983238413_6966403921518526464_n.jpg?_nc_ht=scontent-frx5-1.cdninstagram.com,celine.hamann,57,,,,,,,,,,,,
1549105217.8287117,Snapcнaт @ceeehoneyi :ghost: :high_voltage:️03/99 :gem_stone: taken :envelope_with_arrow: celine.hmn@web.de:round_pushpin:Germany - Mecklenburg,https://www.prosieben.de/tv/germanys-next-topmodel/votings/staffel-14/welche-kandidatin-ist-deine-favoritin,5308,494,555573468,False,True,False,https://scontent-frx5-1.cdninstagram.com/vp/6f62c5b8595022df95a7577bada387c7/5CFAE277/t51.2885-19/s320x320/49858167_539073983238413_6966403921518526464_n.jpg?_nc_ht=scontent-frx5-1.cdninstagram.com,celine.hamann,57,,,,,,,,,,,,
1549106416.9334855,Snapcнaт @ceeehoneyi :ghost: :high_voltage:️03/99 :gem_stone: taken :envelope_with_arrow: celine.hmn@web.de:round_pushpin:Germany - Mecklenburg,https://www.prosieben.de/tv/germanys-next-topmodel/votings/staffel-14/welche-kandidatin-ist-deine-favoritin,5307,494,555573468,False,True,False,https://scontent-frx5-1.cdninstagram.com/vp/6f62c5b8595022df95a7577bada387c7/5CFAE277/t51.2885-19/s320x320/49858167_539073983238413_6966403921518526464_n.jpg?_nc_ht=scontent-frx5-1.cdninstagram.com,celine.hamann,57,,,,,,,,,,,,
1549107017.5606608,Snapcнaт @ceeehoneyi :ghost: :high_voltage:️03/99 :gem_stone: taken :envelope_with_arrow: celine.hmn@web.de:round_pushpin:Germany - Mecklenburg,https://www.prosieben.de/tv/germanys-next-topmodel/votings/staffel-14/welche-kandidatin-ist-deine-favoritin,5307,494,555573468,False,True,False,https://scontent-frx5-1.cdninstagram.com/vp/6f62c5b8595022df95a7577bada387c7/5CFAE277/t51.2885-19/s320x320/49858167_539073983238413_6966403921518526464_n.jpg?_nc_ht=scontent-frx5-1.cdninstagram.com,celine.hamann,57,,,,,,,,,,,,
1549107618.2201543,Snapcнaт @ceeehoneyi :ghost: :high_voltage:️03/99 :gem_stone: taken :envelope_with_arrow: celine.hmn@web.de:round_pushpin:Germany - Mecklenburg,https://www.prosieben.de/tv/germanys-next-topmodel/votings/staffel-14/welche-kandidatin-ist-deine-favoritin,5307,494,555573468,False,True,False,https://scontent-frx5-1.cdninstagram.com/vp/6f62c5b8595022df95a7577bada387c7/5CFAE277/t51.2885-19/s320x320/49858167_539073983238413_6966403921518526464_n.jpg?_nc_ht=scontent-frx5-1.cdninstagram.com,celine.hamann,57,,,,,,,,,,,,
1549108217.6289039,Snapcнaт @ceeehoneyi :ghost: :high_voltage:️03/99 :gem_stone: taken :envelope_with_arrow: celine.hmn@web.de:round_pushpin:Germany - Mecklenburg,https://www.prosieben.de/tv/germanys-next-topmodel/votings/staffel-14/welche-kandidatin-ist-deine-favoritin,5307,494,555573468,False,True,False,https://scontent-frx5-1.cdninstagram.com/vp/6f62c5b8595022df95a7577bada387c7/5CFAE277/t51.2885-19/s320x320/49858167_539073983238413_6966403921518526464_n.jpg?_nc_ht=scontent-frx5-1.cdninstagram.com,celine.hamann,57,,,,,,,,,,,,
1549108817.716314,Snapcнaт @ceeehoneyi :ghost: :high_voltage:️03/99 :gem_stone: taken :envelope_with_arrow: celine.hmn@web.de:round_pushpin:Germany - Mecklenburg,https://www.prosieben.de/tv/germanys-next-topmodel/votings/staffel-14/welche-kandidatin-ist-deine-favoritin,5307,494,555573468,False,True,False,https://scontent-frx5-1.cdninstagram.com/vp/6f62c5b8595022df95a7577bada387c7/5CFAE277/t51.2885-19/s320x320/49858167_539073983238413_6966403921518526464_n.jpg?_nc_ht=scontent-frx5-1.cdninstagram.com,celine.hamann,57,,,,,,,,,,,,
1549109417.5482922,Snapcнaт @ceeehoneyi :ghost: :high_voltage:️03/99 :gem_stone: taken :envelope_with_arrow: celine.hmn@web.de:round_pushpin:Germany - Mecklenburg,https://www.prosieben.de/tv/germanys-next-topmodel/votings/staffel-14/welche-kandidatin-ist-deine-favoritin,5307,494,555573468,False,True,False,https://scontent-frx5-1.cdninstagram.com/vp/6f62c5b8595022df95a7577bada387c7/5CFAE277/t51.2885-19/s320x320/49858167_539073983238413_6966403921518526464_n.jpg?_nc_ht=scontent-frx5-1.cdninstagram.com,celine.hamann,57,,,,,,,,,,,,
1549110019.2089572,Snapcнaт @ceeehoneyi :ghost: :high_voltage:️03/99 :gem_stone: taken :envelope_with_arrow: celine.hmn@web.de:round_pushpin:Germany - Mecklenburg,https://www.prosieben.de/tv/germanys-next-topmodel/votings/staffel-14/welche-kandidatin-ist-deine-favoritin,5307,494,555573468,False,True,False,https://scontent-frx5-1.cdninstagram.com/vp/6f62c5b8595022df95a7577bada387c7/5CFAE277/t51.2885-19/s320x320/49858167_539073983238413_6966403921518526464_n.jpg?_nc_ht=scontent-frx5-1.cdninstagram.com,celine.hamann,57,,,,,,,,,,,,
1549110621.8548005,Snapcнaт @ceeehoneyi :ghost: :high_voltage:️03/99 :gem_stone: taken :envelope_with_arrow: celine.hmn@web.de:round_pushpin:Germany - Mecklenburg,https://www.prosieben.de/tv/germanys-next-topmodel/votings/staffel-14/welche-kandidatin-ist-deine-favoritin,5307,494,555573468,False,True,False,https://scontent-frx5-1.cdninstagram.com/vp/6f62c5b8595022df95a7577bada387c7/5CFAE277/t51.2885-19/s320x320/49858167_539073983238413_6966403921518526464_n.jpg?_nc_ht=scontent-frx5-1.cdninstagram.com,celine.hamann,57,,,,,,,,,,,,
1549111218.5654202,Snapcнaт @ceeehoneyi :ghost: :high_voltage:️03/99 :gem_stone: taken :envelope_with_arrow: celine.hmn@web.de:round_pushpin:Germany - Mecklenburg,https://www.prosieben.de/tv/germanys-next-topmodel/votings/staffel-14/welche-kandidatin-ist-deine-favoritin,5307,494,555573468,False,True,False,https://scontent-frx5-1.cdninstagram.com/vp/6f62c5b8595022df95a7577bada387c7/5CFAE277/t51.2885-19/s320x320/49858167_539073983238413_6966403921518526464_n.jpg?_nc_ht=scontent-frx5-1.cdninstagram.com,celine.hamann,57,,,,,,,,,,,,
1549111820.1318445,Snapcнaт @ceeehoneyi :ghost: :high_voltage:️03/99 :gem_stone: taken :envelope_with_arrow: celine.hmn@web.de:round_pushpin:Germany - Mecklenburg,https://www.prosieben.de/tv/germanys-next-topmodel/votings/staffel-14/welche-kandidatin-ist-deine-favoritin,5307,494,555573468,False,True,False,https://scontent-frx5-1.cdninstagram.com/vp/6f62c5b8595022df95a7577bada387c7/5CFAE277/t51.2885-19/s320x320/49858167_539073983238413_6966403921518526464_n.jpg?_nc_ht=scontent-frx5-1.cdninstagram.com,celine.hamann,57,,,,,,,,,,,,
1549112417.7447464,Snapcнaт @ceeehoneyi :ghost: :high_voltage:️03/99 :gem_stone: taken :envelope_with_arrow: celine.hmn@web.de:round_pushpin:Germany - Mecklenburg,https://www.prosieben.de/tv/germanys-next-topmodel/votings/staffel-14/welche-kandidatin-ist-deine-favoritin,5307,494,555573468,False,True,False,https://scontent-frx5-1.cdninstagram.com/vp/6f62c5b8595022df95a7577bada387c7/5CFAE277/t51.2885-19/s320x320/49858167_539073983238413_6966403921518526464_n.jpg?_nc_ht=scontent-frx5-1.cdninstagram.com,celine.hamann,57,,,,,,,,,,,,
1549113018.3886664,Snapcнaт @ceeehoneyi :ghost: :high_voltage:️03/99 :gem_stone: taken :envelope_with_arrow: celine.hmn@web.de:round_pushpin:Germany - Mecklenburg,https://www.prosieben.de/tv/germanys-next-topmodel/votings/staffel-14/welche-kandidatin-ist-deine-favoritin,5307,494,555573468,False,True,False,https://scontent-frx5-1.cdninstagram.com/vp/6f62c5b8595022df95a7577bada387c7/5CFAE277/t51.2885-19/s320x320/49858167_539073983238413_6966403921518526464_n.jpg?_nc_ht=scontent-frx5-1.cdninstagram.com,celine.hamann,57,,,,,,,,,,,,
1549113618.0568929,Snapcнaт @ceeehoneyi :ghost: :high_voltage:️03/99 :gem_stone: taken :envelope_with_arrow: celine.hmn@web.de:round_pushpin:Germany - Mecklenburg,https://www.prosieben.de/tv/germanys-next-topmodel/votings/staffel-14/welche-kandidatin-ist-deine-favoritin,5306,494,555573468,False,True,False,https://scontent-frx5-1.cdninstagram.com/vp/6f62c5b8595022df95a7577bada387c7/5CFAE277/t51.2885-19/s320x320/49858167_539073983238413_6966403921518526464_n.jpg?_nc_ht=scontent-frx5-1.cdninstagram.com,celine.hamann,57,,,,,,,,,,,,
1549114218.8178577,Snapcнaт @ceeehoneyi :ghost: :high_voltage:️03/99 :gem_stone: taken :envelope_with_arrow: celine.hmn@web.de:round_pushpin:Germany - Mecklenburg,https://www.prosieben.de/tv/germanys-next-topmodel/votings/staffel-14/welche-kandidatin-ist-deine-favoritin,5306,494,555573468,False,True,False,https://scontent-frx5-1.cdninstagram.com/vp/6f62c5b8595022df95a7577bada387c7/5CFAE277/t51.2885-19/s320x320/49858167_539073983238413_6966403921518526464_n.jpg?_nc_ht=scontent-frx5-1.cdninstagram.com,celine.hamann,57,,,,,,,,,,,,
1549114819.7172039,Snapcнaт @ceeehoneyi :ghost: :high_voltage:️03/99 :gem_stone: taken :envelope_with_arrow: celine.hmn@web.de:round_pushpin:Germany - Mecklenburg,https://www.prosieben.de/tv/germanys-next-topmodel/votings/staffel-14/welche-kandidatin-ist-deine-favoritin,5306,494,555573468,False,True,False,https://scontent-frx5-1.cdninstagram.com/vp/6f62c5b8595022df95a7577bada387c7/5CFAE277/t51.2885-19/s320x320/49858167_539073983238413_6966403921518526464_n.jpg?_nc_ht=scontent-frx5-1.cdninstagram.com,celine.hamann,57,,,,,,,,,,,,
1549115420.5214562,Snapcнaт @ceeehoneyi :ghost: :high_voltage:️03/99 :gem_stone: taken :envelope_with_arrow: celine.hmn@web.de:round_pushpin:Germany - Mecklenburg,https://www.prosieben.de/tv/germanys-next-topmodel/votings/staffel-14/welche-kandidatin-ist-deine-favoritin,5306,494,555573468,False,True,False,https://scontent-frx5-1.cdninstagram.com/vp/6f62c5b8595022df95a7577bada387c7/5CFAE277/t51.2885-19/s320x320/49858167_539073983238413_6966403921518526464_n.jpg?_nc_ht=scontent-frx5-1.cdninstagram.com,celine.hamann,57,,,,,,,,,,,,
1549116020.466116,Snapcнaт @ceeehoneyi :ghost: :high_voltage:️03/99 :gem_stone: taken :envelope_with_arrow: celine.hmn@web.de:round_pushpin:Germany - Mecklenburg,https://www.prosieben.de/tv/germanys-next-topmodel/votings/staffel-14/welche-kandidatin-ist-deine-favoritin,5306,494,555573468,False,True,False,https://scontent-frx5-1.cdninstagram.com/vp/6f62c5b8595022df95a7577bada387c7/5CFAE277/t51.2885-19/s320x320/49858167_539073983238413_6966403921518526464_n.jpg?_nc_ht=scontent-frx5-1.cdninstagram.com,celine.hamann,57,,,,,,,,,,,,
1549116618.2309415,Snapcнaт @ceeehoneyi :ghost: :high_voltage:️03/99 :gem_stone: taken :envelope_with_arrow: celine.hmn@web.de:round_pushpin:Germany - Mecklenburg,https://www.prosieben.de/tv/germanys-next-topmodel/votings/staffel-14/welche-kandidatin-ist-deine-favoritin,5319,494,555573468,False,True,False,https://scontent-frx5-1.cdninstagram.com/vp/6f62c5b8595022df95a7577bada387c7/5CFAE277/t51.2885-19/s320x320/49858167_539073983238413_6966403921518526464_n.jpg?_nc_ht=scontent-frx5-1.cdninstagram.com,celine.hamann,57,,,,,,,,,,,,
1549117217.9145002,Snapcнaт @ceeehoneyi :ghost: :high_voltage:️03/99 :gem_stone: taken :envelope_with_arrow: celine.hmn@web.de:round_pushpin:Germany - Mecklenburg,https://www.prosieben.de/tv/germanys-next-topmodel/votings/staffel-14/welche-kandidatin-ist-deine-favoritin,5319,494,555573468,False,True,False,https://scontent-frx5-1.cdninstagram.com/vp/6f62c5b8595022df95a7577bada387c7/5CFAE277/t51.2885-19/s320x320/49858167_539073983238413_6966403921518526464_n.jpg?_nc_ht=scontent-frx5-1.cdninstagram.com,celine.hamann,57,,,,,,,,,,,,
1549117818.64522,Snapcнaт @ceeehoneyi :ghost: :high_voltage:️03/99 :gem_stone: taken :envelope_with_arrow: celine.hmn@web.de:round_pushpin:Germany - Mecklenburg,https://www.prosieben.de/tv/germanys-next-topmodel/votings/staffel-14/welche-kandidatin-ist-deine-favoritin,5319,494,555573468,False,True,False,https://scontent-frx5-1.cdninstagram.com/vp/6f62c5b8595022df95a7577bada387c7/5CFAE277/t51.2885-19/s320x320/49858167_539073983238413_6966403921518526464_n.jpg?_nc_ht=scontent-frx5-1.cdninstagram.com,celine.hamann,57,,,,,,,,,,,,
1549118418.866023,Snapcнaт @ceeehoneyi :ghost: :high_voltage:️03/99 :gem_stone: taken :envelope_with_arrow: celine.hmn@web.de:round_pushpin:Germany - Mecklenburg,https://www.prosieben.de/tv/germanys-next-topmodel/votings/staffel-14/welche-kandidatin-ist-deine-favoritin,5319,494,555573468,False,True,False,https://scontent-frx5-1.cdninstagram.com/vp/6f62c5b8595022df95a7577bada387c7/5CFAE277/t51.2885-19/s320x320/49858167_539073983238413_6966403921518526464_n.jpg?_nc_ht=scontent-frx5-1.cdninstagram.com,celine.hamann,57,,,,,,,,,,,,
1549119018.1924858,Snapcнaт @ceeehoneyi :ghost: :high_voltage:️03/99 :gem_stone: taken :envelope_with_arrow: celine.hmn@web.de:round_pushpin:Germany - Mecklenburg,https://www.prosieben.de/tv/germanys-next-topmodel/votings/staffel-14/welche-kandidatin-ist-deine-favoritin,5319,494,555573468,False,True,False,https://scontent-frx5-1.cdninstagram.com/vp/6f62c5b8595022df95a7577bada387c7/5CFAE277/t51.2885-19/s320x320/49858167_539073983238413_6966403921518526464_n.jpg?_nc_ht=scontent-frx5-1.cdninstagram.com,celine.hamann,57,,,,,,,,,,,,
1549119619.6659615,Snapcнaт @ceeehoneyi :ghost: :high_voltage:️03/99 :gem_stone: taken :envelope_with_arrow: celine.hmn@web.de:round_pushpin:Germany - Mecklenburg,https://www.prosieben.de/tv/germanys-next-topmodel/votings/staffel-14/welche-kandidatin-ist-deine-favoritin,5319,494,555573468,False,True,False,https://scontent-frx5-1.cdninstagram.com/vp/6f62c5b8595022df95a7577bada387c7/5CFAE277/t51.2885-19/s320x320/49858167_539073983238413_6966403921518526464_n.jpg?_nc_ht=scontent-frx5-1.cdninstagram.com,celine.hamann,57,,,,,,,,,,,,
1549120220.2812557,Snapcнaт @ceeehoneyi :ghost: :high_voltage:️03/99 :gem_stone: taken :envelope_with_arrow: celine.hmn@web.de:round_pushpin:Germany - Mecklenburg,https://www.prosieben.de/tv/germanys-next-topmodel/votings/staffel-14/welche-kandidatin-ist-deine-favoritin,5319,494,555573468,False,True,False,https://scontent-frx5-1.cdninstagram.com/vp/6f62c5b8595022df95a7577bada387c7/5CFAE277/t51.2885-19/s320x320/49858167_539073983238413_6966403921518526464_n.jpg?_nc_ht=scontent-frx5-1.cdninstagram.com,celine.hamann,57,,,,,,,,,,,,
1549120818.6857355,Snapcнaт @ceeehoneyi :ghost: :high_voltage:️03/99 :gem_stone: taken :envelope_with_arrow: celine.hmn@web.de:round_pushpin:Germany - Mecklenburg,https://www.prosieben.de/tv/germanys-next-topmodel/votings/staffel-14/welche-kandidatin-ist-deine-favoritin,5319,494,555573468,False,True,False,https://scontent-frx5-1.cdninstagram.com/vp/6f62c5b8595022df95a7577bada387c7/5CFAE277/t51.2885-19/s320x320/49858167_539073983238413_6966403921518526464_n.jpg?_nc_ht=scontent-frx5-1.cdninstagram.com,celine.hamann,57,,,,,,,,,,,,
1549121417.9080648,Snapcнaт @ceeehoneyi :ghost: :high_voltage:️03/99 :gem_stone: taken :envelope_with_arrow: celine.hmn@web.de:round_pushpin:Germany - Mecklenburg,https://www.prosieben.de/tv/germanys-next-topmodel/votings/staffel-14/welche-kandidatin-ist-deine-favoritin,5319,494,555573468,False,True,False,https://scontent-frx5-1.cdninstagram.com/vp/6f62c5b8595022df95a7577bada387c7/5CFAE277/t51.2885-19/s320x320/49858167_539073983238413_6966403921518526464_n.jpg?_nc_ht=scontent-frx5-1.cdninstagram.com,celine.hamann,57,,,,,,,,,,,,
1549122018.1906233,Snapcнaт @ceeehoneyi :ghost: :high_voltage:️03/99 :gem_stone: taken :envelope_with_arrow: celine.hmn@web.de:round_pushpin:Germany - Mecklenburg,https://www.prosieben.de/tv/germanys-next-topmodel/votings/staffel-14/welche-kandidatin-ist-deine-favoritin,5319,494,555573468,False,True,False,https://scontent-frx5-1.cdninstagram.com/vp/6f62c5b8595022df95a7577bada387c7/5CFAE277/t51.2885-19/s320x320/49858167_539073983238413_6966403921518526464_n.jpg?_nc_ht=scontent-frx5-1.cdninstagram.com,celine.hamann,57,,,,,,,,,,,,
1549122619.198359,Snapcнaт @ceeehoneyi :ghost: :high_voltage:️03/99 :gem_stone: taken :envelope_with_arrow: celine.hmn@web.de:round_pushpin:Germany - Mecklenburg,https://www.prosieben.de/tv/germanys-next-topmodel/votings/staffel-14/welche-kandidatin-ist-deine-favoritin,5319,494,555573468,False,True,False,https://scontent-frx5-1.cdninstagram.com/vp/6f62c5b8595022df95a7577bada387c7/5CFAE277/t51.2885-19/s320x320/49858167_539073983238413_6966403921518526464_n.jpg?_nc_ht=scontent-frx5-1.cdninstagram.com,celine.hamann,57,,,,,,,,,,,,
1549123218.1598127,Snapcнaт @ceeehoneyi :ghost: :high_voltage:️03/99 :gem_stone: taken :envelope_with_arrow: celine.hmn@web.de:round_pushpin:Germany - Mecklenburg,https://www.prosieben.de/tv/germanys-next-topmodel/votings/staffel-14/welche-kandidatin-ist-deine-favoritin,5319,494,555573468,False,True,False,https://scontent-frx5-1.cdninstagram.com/vp/6f62c5b8595022df95a7577bada387c7/5CFAE277/t51.2885-19/s320x320/49858167_539073983238413_6966403921518526464_n.jpg?_nc_ht=scontent-frx5-1.cdninstagram.com,celine.hamann,57,,,,,,,,,,,,
1549123819.9777772,Snapcнaт @ceeehoneyi :ghost: :high_voltage:️03/99 :gem_stone: taken :envelope_with_arrow: celine.hmn@web.de:round_pushpin:Germany - Mecklenburg,https://www.prosieben.de/tv/germanys-next-topmodel/votings/staffel-14/welche-kandidatin-ist-deine-favoritin,5319,494,555573468,False,True,False,https://scontent-frx5-1.cdninstagram.com/vp/6f62c5b8595022df95a7577bada387c7/5CFAE277/t51.2885-19/s320x320/49858167_539073983238413_6966403921518526464_n.jpg?_nc_ht=scontent-frx5-1.cdninstagram.com,celine.hamann,57,,,,,,,,,,,,
1549124418.3525422,Snapcнaт @ceeehoneyi :ghost: :high_voltage:️03/99 :gem_stone: taken :envelope_with_arrow: celine.hmn@web.de:round_pushpin:Germany - Mecklenburg,https://www.prosieben.de/tv/germanys-next-topmodel/votings/staffel-14/welche-kandidatin-ist-deine-favoritin,5319,494,555573468,False,True,False,https://scontent-frx5-1.cdninstagram.com/vp/6f62c5b8595022df95a7577bada387c7/5CFAE277/t51.2885-19/s320x320/49858167_539073983238413_6966403921518526464_n.jpg?_nc_ht=scontent-frx5-1.cdninstagram.com,celine.hamann,57,,,,,,,,,,,,
1549125020.388093,Snapcнaт @ceeehoneyi :ghost: :high_voltage:️03/99 :gem_stone: taken :envelope_with_arrow: celine.hmn@web.de:round_pushpin:Germany - Mecklenburg,https://www.prosieben.de/tv/germanys-next-topmodel/votings/staffel-14/welche-kandidatin-ist-deine-favoritin,5319,494,555573468,False,True,False,https://scontent-frx5-1.cdninstagram.com/vp/6f62c5b8595022df95a7577bada387c7/5CFAE277/t51.2885-19/s320x320/49858167_539073983238413_6966403921518526464_n.jpg?_nc_ht=scontent-frx5-1.cdninstagram.com,celine.hamann,57,,,,,,,,,,,,
1549125621.4647286,Snapcнaт @ceeehoneyi :ghost: :high_voltage:️03/99 :gem_stone: taken :envelope_with_arrow: celine.hmn@web.de:round_pushpin:Germany - Mecklenburg,https://www.prosieben.de/tv/germanys-next-topmodel/votings/staffel-14/welche-kandidatin-ist-deine-favoritin,5319,494,555573468,False,True,False,https://scontent-frx5-1.cdninstagram.com/vp/6f62c5b8595022df95a7577bada387c7/5CFAE277/t51.2885-19/s320x320/49858167_539073983238413_6966403921518526464_n.jpg?_nc_ht=scontent-frx5-1.cdninstagram.com,celine.hamann,57,,,,,,,,,,,,
1549126217.9054997,Snapcнaт @ceeehoneyi :ghost: :high_voltage:️03/99 :gem_stone: taken :envelope_with_arrow: celine.hmn@web.de:round_pushpin:Germany - Mecklenburg,https://www.prosieben.de/tv/germanys-next-topmodel/votings/staffel-14/welche-kandidatin-ist-deine-favoritin,5319,494,555573468,False,True,False,https://scontent-frx5-1.cdninstagram.com/vp/6f62c5b8595022df95a7577bada387c7/5CFAE277/t51.2885-19/s320x320/49858167_539073983238413_6966403921518526464_n.jpg?_nc_ht=scontent-frx5-1.cdninstagram.com,celine.hamann,57,,,,,,,,,,,,
1549126819.8383977,Snapcнaт @ceeehoneyi :ghost: :high_voltage:️03/99 :gem_stone: taken :envelope_with_arrow: celine.hmn@web.de:round_pushpin:Germany - Mecklenburg,https://www.prosieben.de/tv/germanys-next-topmodel/votings/staffel-14/welche-kandidatin-ist-deine-favoritin,5319,494,555573468,False,True,False,https://scontent-frx5-1.cdninstagram.com/vp/6f62c5b8595022df95a7577bada387c7/5CFAE277/t51.2885-19/s320x320/49858167_539073983238413_6966403921518526464_n.jpg?_nc_ht=scontent-frx5-1.cdninstagram.com,celine.hamann,57,,,,,,,,,,,,
1549127418.1883323,Snapcнaт @ceeehoneyi :ghost: :high_voltage:️03/99 :gem_stone: taken :envelope_with_arrow: celine.hmn@web.de:round_pushpin:Germany - Mecklenburg,https://www.prosieben.de/tv/germanys-next-topmodel/votings/staffel-14/welche-kandidatin-ist-deine-favoritin,5319,494,555573468,False,True,False,https://scontent-frx5-1.cdninstagram.com/vp/6f62c5b8595022df95a7577bada387c7/5CFAE277/t51.2885-19/s320x320/49858167_539073983238413_6966403921518526464_n.jpg?_nc_ht=scontent-frx5-1.cdninstagram.com,celine.hamann,57,,,,,,,,,,,,
1549128018.5668614,Snapcнaт @ceeehoneyi :ghost: :high_voltage:️03/99 :gem_stone: taken :envelope_with_arrow: celine.hmn@web.de:round_pushpin:Germany - Mecklenburg,https://www.prosieben.de/tv/germanys-next-topmodel/votings/staffel-14/welche-kandidatin-ist-deine-favoritin,5318,494,555573468,False,True,False,https://scontent-frx5-1.cdninstagram.com/vp/6f62c5b8595022df95a7577bada387c7/5CFAE277/t51.2885-19/s320x320/49858167_539073983238413_6966403921518526464_n.jpg?_nc_ht=scontent-frx5-1.cdninstagram.com,celine.hamann,57,,,,,,,,,,,,
1549128617.946087,Snapcнaт @ceeehoneyi :ghost: :high_voltage:️03/99 :gem_stone: taken :envelope_with_arrow: celine.hmn@web.de:round_pushpin:Germany - Mecklenburg,https://www.prosieben.de/tv/germanys-next-topmodel/votings/staffel-14/welche-kandidatin-ist-deine-favoritin,5318,494,555573468,False,True,False,https://scontent-frx5-1.cdninstagram.com/vp/6f62c5b8595022df95a7577bada387c7/5CFAE277/t51.2885-19/s320x320/49858167_539073983238413_6966403921518526464_n.jpg?_nc_ht=scontent-frx5-1.cdninstagram.com,celine.hamann,57,,,,,,,,,,,,
1549129223.6582112,Snapcнaт @ceeehoneyi :ghost: :high_voltage:️03/99 :gem_stone: taken :envelope_with_arrow: celine.hmn@web.de:round_pushpin:Germany - Mecklenburg,https://www.prosieben.de/tv/germanys-next-topmodel/votings/staffel-14/welche-kandidatin-ist-deine-favoritin,5318,494,555573468,False,True,False,https://scontent-frx5-1.cdninstagram.com/vp/6f62c5b8595022df95a7577bada387c7/5CFAE277/t51.2885-19/s320x320/49858167_539073983238413_6966403921518526464_n.jpg?_nc_ht=scontent-frx5-1.cdninstagram.com,celine.hamann,57,,,,,,,,,,,,
1549129818.806919,Snapcнaт @ceeehoneyi :ghost: :high_voltage:️03/99 :gem_stone: taken :envelope_with_arrow: celine.hmn@web.de:round_pushpin:Germany - Mecklenburg,https://www.prosieben.de/tv/germanys-next-topmodel/votings/staffel-14/welche-kandidatin-ist-deine-favoritin,5318,494,555573468,False,True,False,https://scontent-frx5-1.cdninstagram.com/vp/6f62c5b8595022df95a7577bada387c7/5CFAE277/t51.2885-19/s320x320/49858167_539073983238413_6966403921518526464_n.jpg?_nc_ht=scontent-frx5-1.cdninstagram.com,celine.hamann,57,,,,,,,,,,,,
1549130419.493927,Snapcнaт @ceeehoneyi :ghost: :high_voltage:️03/99 :gem_stone: taken :envelope_with_arrow: celine.hmn@web.de:round_pushpin:Germany - Mecklenburg,https://www.prosieben.de/tv/germanys-next-topmodel/votings/staffel-14/welche-kandidatin-ist-deine-favoritin,5318,494,555573468,False,True,False,https://scontent-frx5-1.cdninstagram.com/vp/6f62c5b8595022df95a7577bada387c7/5CFAE277/t51.2885-19/s320x320/49858167_539073983238413_6966403921518526464_n.jpg?_nc_ht=scontent-frx5-1.cdninstagram.com,celine.hamann,57,,,,,,,,,,,,
1549131018.117486,Snapcнaт @ceeehoneyi :ghost: :high_voltage:️03/99 :gem_stone: taken :envelope_with_arrow: celine.hmn@web.de:round_pushpin:Germany - Mecklenburg,https://www.prosieben.de/tv/germanys-next-topmodel/votings/staffel-14/welche-kandidatin-ist-deine-favoritin,5318,494,555573468,False,True,False,https://scontent-frx5-1.cdninstagram.com/vp/6f62c5b8595022df95a7577bada387c7/5CFAE277/t51.2885-19/s320x320/49858167_539073983238413_6966403921518526464_n.jpg?_nc_ht=scontent-frx5-1.cdninstagram.com,celine.hamann,57,,,,,,,,,,,,
1549131618.2551987,Snapcнaт @ceeehoneyi :ghost: :high_voltage:️03/99 :gem_stone: taken :envelope_with_arrow: celine.hmn@web.de:round_pushpin:Germany - Mecklenburg,https://www.prosieben.de/tv/germanys-next-topmodel/votings/staffel-14/welche-kandidatin-ist-deine-favoritin,5318,494,555573468,False,True,False,https://scontent-frx5-1.cdninstagram.com/vp/6f62c5b8595022df95a7577bada387c7/5CFAE277/t51.2885-19/s320x320/49858167_539073983238413_6966403921518526464_n.jpg?_nc_ht=scontent-frx5-1.cdninstagram.com,celine.hamann,57,,,,,,,,,,,,
1549132217.8449743,Snapcнaт @ceeehoneyi :ghost: :high_voltage:️03/99 :gem_stone: taken :envelope_with_arrow: celine.hmn@web.de:round_pushpin:Germany - Mecklenburg,https://www.prosieben.de/tv/germanys-next-topmodel/votings/staffel-14/welche-kandidatin-ist-deine-favoritin,5318,494,555573468,False,True,False,https://scontent-frx5-1.cdninstagram.com/vp/6f62c5b8595022df95a7577bada387c7/5CFAE277/t51.2885-19/s320x320/49858167_539073983238413_6966403921518526464_n.jpg?_nc_ht=scontent-frx5-1.cdninstagram.com,celine.hamann,57,,,,,,,,,,,,
1549132818.343251,Snapcнaт @ceeehoneyi :ghost: :high_voltage:️03/99 :gem_stone: taken :envelope_with_arrow: celine.hmn@web.de:round_pushpin:Germany - Mecklenburg,https://www.prosieben.de/tv/germanys-next-topmodel/votings/staffel-14/welche-kandidatin-ist-deine-favoritin,5318,494,555573468,False,True,False,https://scontent-frx5-1.cdninstagram.com/vp/6f62c5b8595022df95a7577bada387c7/5CFAE277/t51.2885-19/s320x320/49858167_539073983238413_6966403921518526464_n.jpg?_nc_ht=scontent-frx5-1.cdninstagram.com,celine.hamann,57,,,,,,,,,,,,
1549133417.269269,Snapcнaт @ceeehoneyi :ghost: :high_voltage:️03/99 :gem_stone: taken :envelope_with_arrow: celine.hmn@web.de:round_pushpin:Germany - Mecklenburg,https://www.prosieben.de/tv/germanys-next-topmodel/votings/staffel-14/welche-kandidatin-ist-deine-favoritin,5318,494,555573468,False,True,False,https://scontent-frx5-1.cdninstagram.com/vp/6f62c5b8595022df95a7577bada387c7/5CFAE277/t51.2885-19/s320x320/49858167_539073983238413_6966403921518526464_n.jpg?_nc_ht=scontent-frx5-1.cdninstagram.com,celine.hamann,57,,,,,,,,,,,,
1549134018.5817873,Snapcнaт @ceeehoneyi :ghost: :high_voltage:️03/99 :gem_stone: taken :envelope_with_arrow: celine.hmn@web.de:round_pushpin:Germany - Mecklenburg,https://www.prosieben.de/tv/germanys-next-topmodel/votings/staffel-14/welche-kandidatin-ist-deine-favoritin,5318,494,555573468,False,True,False,https://scontent-frx5-1.cdninstagram.com/vp/6f62c5b8595022df95a7577bada387c7/5CFAE277/t51.2885-19/s320x320/49858167_539073983238413_6966403921518526464_n.jpg?_nc_ht=scontent-frx5-1.cdninstagram.com,celine.hamann,57,,,,,,,,,,,,
1549134616.8600395,Snapcнaт @ceeehoneyi :ghost: :high_voltage:️03/99 :gem_stone: taken :envelope_with_arrow: celine.hmn@web.de:round_pushpin:Germany - Mecklenburg,https://www.prosieben.de/tv/germanys-next-topmodel/votings/staffel-14/welche-kandidatin-ist-deine-favoritin,5318,494,555573468,False,True,False,https://scontent-frx5-1.cdninstagram.com/vp/6f62c5b8595022df95a7577bada387c7/5CFAE277/t51.2885-19/s320x320/49858167_539073983238413_6966403921518526464_n.jpg?_nc_ht=scontent-frx5-1.cdninstagram.com,celine.hamann,57,,,,,,,,,,,,
1549135218.3192148,Snapcнaт @ceeehoneyi :ghost: :high_voltage:️03/99 :gem_stone: taken :envelope_with_arrow: celine.hmn@web.de:round_pushpin:Germany - Mecklenburg,https://www.prosieben.de/tv/germanys-next-topmodel/votings/staffel-14/welche-kandidatin-ist-deine-favoritin,5329,494,555573468,False,True,False,https://scontent-frx5-1.cdninstagram.com/vp/6f62c5b8595022df95a7577bada387c7/5CFAE277/t51.2885-19/s320x320/49858167_539073983238413_6966403921518526464_n.jpg?_nc_ht=scontent-frx5-1.cdninstagram.com,celine.hamann,57,,,,,,,,,,,,
1549135817.2823217,Snapcнaт @ceeehoneyi :ghost: :high_voltage:️03/99 :gem_stone: taken :envelope_with_arrow: celine.hmn@web.de:round_pushpin:Germany - Mecklenburg,https://www.prosieben.de/tv/germanys-next-topmodel/votings/staffel-14/welche-kandidatin-ist-deine-favoritin,5329,494,555573468,False,True,False,https://scontent-frx5-1.cdninstagram.com/vp/6f62c5b8595022df95a7577bada387c7/5CFAE277/t51.2885-19/s320x320/49858167_539073983238413_6966403921518526464_n.jpg?_nc_ht=scontent-frx5-1.cdninstagram.com,celine.hamann,57,,,,,,,,,,,,
1549136418.6910913,Snapcнaт @ceeehoneyi :ghost: :high_voltage:️03/99 :gem_stone: taken :envelope_with_arrow: celine.hmn@web.de:round_pushpin:Germany - Mecklenburg,https://www.prosieben.de/tv/germanys-next-topmodel/votings/staffel-14/welche-kandidatin-ist-deine-favoritin,5329,494,555573468,False,True,False,https://scontent-frx5-1.cdninstagram.com/vp/6f62c5b8595022df95a7577bada387c7/5CFAE277/t51.2885-19/s320x320/49858167_539073983238413_6966403921518526464_n.jpg?_nc_ht=scontent-frx5-1.cdninstagram.com,celine.hamann,57,,,,,,,,,,,,
1549137018.0486183,Snapcнaт @ceeehoneyi :ghost: :high_voltage:️03/99 :gem_stone: taken :envelope_with_arrow: celine.hmn@web.de:round_pushpin:Germany - Mecklenburg,https://www.prosieben.de/tv/germanys-next-topmodel/votings/staffel-14/welche-kandidatin-ist-deine-favoritin,5329,494,555573468,False,True,False,https://scontent-frx5-1.cdninstagram.com/vp/6f62c5b8595022df95a7577bada387c7/5CFAE277/t51.2885-19/s320x320/49858167_539073983238413_6966403921518526464_n.jpg?_nc_ht=scontent-frx5-1.cdninstagram.com,celine.hamann,57,,,,,,,,,,,,
